GEOID,num_props,median_value,pct_owned,BEDROOMS,BATHS,BLDG_AREA,LOT_AREA,AIR_CONDITIONING,garage,vacant,pct_residential,pct_single_fam,median_hh_income,population,pct_white,pct_black,pct_hisp,pct_asian,pct_coll_plus,ALAND,pop_density,Homicide,other_violent_crime,property_crime,violent_crime_trend
55079000101,205,132900,0.8097560975609757,3.102439024390244,1.2341463414634146,3444.346341463415,9171.668292682927,0.8585365853658536,0.9121951219512195,0.012150668286755772,0.5324677453598294,0.1123761435504566,30676,4469.0,29.8,63.7,3.5,1.0,32.8,3817688.0,11.706,4.0,533.0,815.0,87.0
55079000102,273,140700,0.8131868131868132,3.128205128205128,1.1794871794871795,3721.161172161172,18278.32967032967,0.7838827838827839,0.9743589743589743,0.0043859649122807015,0.3813350659237084,0.14342394984297693,40242,3666.0,26.8,56.0,6.2,9.4,20.3,6508343.0,5.633,0.0,316.0,911.0,30.0
55079000201,150,270050,0.8333333333333334,3.44,1.7266666666666666,4433.713333333333,31064.8,0.8466666666666667,0.9866666666666667,0.0008340283569641367,0.6898285279160101,0.1621065414255183,26596,5073.0,14.7,60.4,18.6,2.9,13.3,7910371.0,6.413,4.0,624.0,787.0,102.0
55079000202,1124,157200,0.8371886120996441,3.368327402135231,1.4217081850533808,3730.6592526690392,15014.421708185053,0.8096085409252669,0.9741992882562278,0.0038482682792743265,0.6951784971501747,0.5113529009269996,59136,6757.0,39.1,47.0,7.4,2.4,29.2,7881718.0,8.573,2.0,353.0,802.0,33.0
55079000301,383,156900,0.9060052219321149,3.3211488250652743,1.2924281984334203,3779.681462140992,17831.483028720628,0.7911227154046997,0.9686684073107049,0.00141643059490085,1.0,0.8339288934103961,67031,1462.0,83.2,13.2,1.8,1.8,28.6,1985210.0,7.364,0.0,23.0,98.0,-9.0
55079000302,273,261100,0.8241758241758241,3.432234432234432,1.8168498168498168,4517.087912087912,14852.619047619048,0.8827838827838828,0.967032967032967,0.006201550387596899,0.8700886562254101,0.4640594006870773,43438,3233.0,11.3,74.0,4.6,4.1,22.0,1836833.0,17.601,4.0,327.0,368.0,31.0
55079000303,367,116500,0.8065395095367848,3.1825613079019073,1.237057220708447,3362.866485013624,15896.403269754768,0.7111716621253406,0.9509536784741145,0.0072992700729927005,0.98520672444636,0.6510750473071459,51862,1949.0,39.6,45.3,2.4,6.0,14.6,1595757.0,12.214,1.0,79.0,170.0,0.0
55079000304,1091,143900,0.8661778185151238,3.322639780018332,1.2520623281393217,3852.81851512374,13937.25206232814,0.8221814848762603,0.9798350137488543,0.005998286203941731,0.9879793620105007,0.9597114900759929,73083,3278.0,38.4,41.3,5.9,11.4,34.9,3358553.0,9.76,1.0,118.0,355.0,-17.0
55079000400,222,109250,0.8288288288288288,3.1171171171171173,1.117117117117117,3068.689189189189,8415.554054054053,0.8423423423423423,0.9774774774774775,0.008130081300813009,0.6891319160903823,0.28426463083515296,31703,2527.0,33.6,53.4,5.3,4.1,17.5,2413767.0,10.469,0.0,198.0,430.0,20.0
55079000501,602,112300,0.8239202657807309,3.0348837209302326,1.1146179401993355,3151.9833887043187,9958.666112956811,0.782392026578073,0.9750830564784053,0.0011148272017837235,0.633676458031265,0.39325746290000474,50430,3844.0,37.9,49.2,7.8,0.9,15.1,4048371.0,9.495,1.0,333.0,860.0,62.0
55079000502,395,95400,0.7265822784810126,3.050632911392405,1.081012658227848,3224.372151898734,8034.250632911392,0.7367088607594937,0.9822784810126582,0.014230271668822769,0.7539165946368872,0.33450892236883817,38033,4934.0,14.3,70.2,6.0,6.2,12.6,1783312.0,27.668,5.0,654.0,844.0,115.0
55079000600,1449,107400,0.8198757763975155,3.0759144237405107,1.066942719116632,3132.4748102139406,7822.847481021394,0.7950310559006211,0.9861973775017253,0.008168028004667444,0.8123692081601439,0.653448988735058,48411,6958.0,16.8,57.5,1.6,17.4,17.0,3885132.0,17.909,2.0,562.0,938.0,64.0
55079000700,511,128600,0.7925636007827789,3.050880626223092,1.1389432485322897,3431.8356164383563,10721.702544031312,0.7925636007827789,0.9647749510763209,0.0016863406408094434,0.517608037785487,0.3553825006439234,41211,3560.0,26.5,60.9,1.7,8.0,19.5,3907613.0,9.11,1.0,277.0,529.0,58.0
55079000800,927,95500,0.7411003236245954,3.0032362459546924,1.1003236245954693,2974.655879180151,9417.686084142395,0.6418554476806904,0.9212513484358145,0.01098901098901099,0.864521716150148,0.5605655448603926,37688,4844.0,18.5,62.3,4.9,8.7,25.0,3036947.0,15.95,4.0,393.0,598.0,117.0
55079000900,580,98200,0.756896551724138,3.0310344827586206,1.1362068965517242,3207.3293103448277,9571.820689655173,0.6862068965517242,0.9603448275862069,0.013110846245530394,0.6075667106812875,0.41464336120727857,34879,3474.0,17.7,70.8,5.5,0.3,16.8,3476722.0,9.992,4.0,410.0,620.0,44.0
55079001000,816,59500,0.5637254901960784,2.8823529411764706,1.0980392156862746,2655.4362745098038,6198.14705882353,0.4264705882352941,0.8958333333333334,0.017210144927536232,0.8705513169007381,0.6308255706608682,30964,3636.0,13.6,80.0,1.0,3.7,7.6,1538556.0,23.633,3.0,471.0,566.0,12.0
55079001100,445,51400,0.4943820224719101,2.750561797752809,1.0629213483146067,2322.7303370786517,6239.651685393258,0.34831460674157305,0.8921348314606742,0.020123839009287926,0.48450378366340185,0.34667593716187345,26375,2317.0,15.4,79.5,1.8,0.0,19.7,3173477.0,7.301,4.0,369.0,632.0,49.0
55079001200,280,60650,0.425,2.7714285714285714,1.0214285714285714,1881.6642857142858,6208.5142857142855,0.3142857142857143,0.7607142857142857,0.015050167224080268,0.5920338979001745,0.20977789740326858,31667,3224.0,5.9,70.0,1.3,19.1,5.2,1225551.0,26.307,6.0,599.0,607.0,39.0
55079001300,773,71100,0.5937904269081501,2.9133247089262615,1.0517464424320828,2623.7231565329885,5895.4359637774905,0.5032341526520052,0.9146183699870634,0.015440508628519528,0.7054417536935732,0.48487498583486777,38759,4266.0,6.0,64.0,5.2,23.5,10.0,1975490.0,21.595,8.0,588.0,795.0,18.0
55079001400,318,85900,0.6855345911949685,2.90251572327044,1.0408805031446542,2698.5314465408806,7769.990566037736,0.7547169811320755,0.9842767295597484,0.0099601593625498,0.8817549351694188,0.5222309314839405,37023,2360.0,10.4,58.8,2.5,27.0,13.9,1111246.0,21.237,3.0,354.0,343.0,25.0
55079001500,518,78900,0.6988416988416989,3.0656370656370657,1.0926640926640927,2900.720077220077,7132.15444015444,0.6428571428571429,0.9247104247104247,0.008706467661691543,0.7835641631823167,0.5011637106392971,31493,3431.0,17.1,57.2,0.0,24.7,9.6,1484774.0,23.108,4.0,429.0,670.0,45.0
55079001600,371,91400,0.7169811320754716,3.0404312668463613,1.0350404312668464,2842.7061994609167,7218.719676549866,0.7412398921832885,0.9191374663072777,0.007462686567164179,0.9194320970383153,0.5052772584893674,34545,2973.0,13.8,74.0,6.3,4.8,8.4,1318150.0,22.554,1.0,320.0,499.0,41.0
55079001700,753,89000,0.7171314741035857,3.01062416998672,1.0637450199203187,2872.2018592297477,6812.548472775565,0.6972111553784861,0.9601593625498008,0.009514747859181731,0.9354948001570266,0.5756137677736155,43068,4607.0,19.6,71.9,3.3,3.0,13.2,1324195.0,34.791,5.0,515.0,912.0,68.0
55079001800,543,66600,0.6114180478821363,2.9889502762430937,1.0423572744014733,2452.589318600368,7042.718232044199,0.5138121546961326,0.8876611418047882,0.01278409090909091,0.975388461973933,0.7812686443268155,29250,3253.0,21.6,59.6,10.5,7.8,7.2,985103.0,33.022,1.0,338.0,465.0,5.0
55079001900,740,49200,0.5648648648648649,2.941891891891892,1.058108108108108,2446.768918918919,6757.35,0.40540540540540543,0.9202702702702703,0.015167930660888408,0.9482947655553666,0.7736382351257188,39853,2966.0,12.3,81.0,0.7,0.4,12.3,979287.0,30.287,2.0,478.0,520.0,80.0
55079002000,567,43800,0.5167548500881834,2.82010582010582,1.0652557319223985,2513.830687830688,5324.539682539683,0.3544973544973545,0.8624338624338624,0.015286624203821656,0.8747751339641309,0.6190458817919098,30325,2534.0,7.9,85.0,1.2,2.2,11.5,1061522.0,23.871,3.0,479.0,510.0,54.0
55079002100,380,39700,0.49473684210526314,3.057894736842105,1.068421052631579,2727.271052631579,4878.392105263158,0.2394736842105263,0.8526315789473684,0.023494860499265784,0.7141107622658976,0.3819430035486882,22731,2154.0,5.2,89.7,2.8,0.0,6.6,898165.0,23.982,5.0,534.0,620.0,27.0
55079002200,497,79700,0.7022132796780685,2.867203219315895,1.1287726358148893,2816.0643863179075,7360.219315895372,0.5150905432595574,0.9356136820925554,0.010670731707317074,0.9590815494830767,0.7504954742396294,31725,1956.0,31.4,52.8,13.9,0.0,17.0,1138519.0,17.18,0.0,103.0,191.0,25.0
55079002300,972,58800,0.5411522633744856,2.7767489711934155,1.0679012345679013,2556.3888888888887,5556.679012345679,0.27983539094650206,0.8930041152263375,0.012861736334405145,0.8665051389165175,0.6590570917047941,29085,4015.0,2.8,89.1,5.9,0.0,11.7,1843973.0,21.774,4.0,527.0,695.0,31.0
55079002400,361,45800,0.4515235457063712,2.889196675900277,1.0831024930747923,2441.102493074792,4444.204986149584,0.2299168975069252,0.7590027700831025,0.0426098535286285,0.5950986827383528,0.29878024799183034,27170,2480.0,3.6,84.2,2.3,8.0,7.5,1160276.0,21.374,4.0,508.0,601.0,32.0
55079002500,410,46150,0.4585365853658537,2.8658536585365852,1.0609756097560976,2457.8536585365855,5228.719512195122,0.26097560975609757,0.8536585365853658,0.030497592295345103,0.8589512813033101,0.5515216759533769,30329,2227.0,6.0,81.1,6.2,1.3,8.2,552564.0,40.303,5.0,474.0,633.0,27.0
55079002600,636,50500,0.5,2.9544025157232703,1.0911949685534592,2663.2830188679245,4688.0990566037735,0.3050314465408805,0.8632075471698113,0.03275109170305677,0.9221368532661309,0.6507091599182507,28512,2867.0,2.9,94.4,2.0,0.0,13.3,698838.0,41.025,6.0,519.0,626.0,49.0
55079002700,515,44300,0.49902912621359224,2.9320388349514563,1.0601941747572816,2387.3339805825244,6013.7631067961165,0.40194174757281553,0.8854368932038835,0.014684287812041116,0.9557595128264615,0.7239516783392197,24014,2153.0,5.8,93.1,0.0,0.0,8.3,686385.0,31.367,3.0,332.0,291.0,-19.0
55079002800,387,40200,0.4263565891472868,2.795865633074935,1.0568475452196382,2338.390180878553,6296.467700258398,0.3333333333333333,0.8242894056847545,0.022653721682847898,0.9550352425991738,0.5415236746849887,27432,2294.0,11.6,81.5,4.3,1.5,4.9,657400.0,34.895,2.0,465.0,451.0,43.0
55079002900,581,49100,0.4802065404475043,2.891566265060241,1.0688468158347677,2441.5593803786574,6430.4130808950085,0.35972461273666095,0.8674698795180723,0.012534818941504178,0.9355869102210705,0.7508108600197316,24375,2253.0,11.1,66.9,10.7,6.1,13.2,656552.0,34.316,1.0,307.0,355.0,40.0
55079003000,1073,79600,0.6486486486486487,2.9095992544268405,1.082013047530289,2833.4165890027957,6150.243243243243,0.5647716682199441,0.9543336439888164,0.010736196319018405,0.9520430740532,0.7947525652138907,45208,4298.0,10.8,72.5,6.1,8.7,12.8,1312377.0,32.75,2.0,392.0,717.0,18.0
55079003100,862,74200,0.5928074245939675,2.88631090487239,1.091647331786543,2873.150812064965,6088.939675174014,0.5336426914153132,0.9501160092807425,0.013710368466152529,0.9106639722879464,0.6744086939733472,48523,4141.0,8.1,71.9,4.4,10.3,21.7,1253608.0,33.033,6.0,401.0,734.0,31.0
55079003200,717,87900,0.705718270571827,2.924686192468619,1.085076708507671,3042.6066945606694,5813.28870292887,0.6903765690376569,0.9832635983263598,0.009029345372460496,0.9661406671744139,0.7531792322612408,46475,2810.0,10.3,65.5,1.7,19.7,16.9,813096.0,34.559,2.0,243.0,493.0,-3.0
55079003300,904,108950,0.7820796460176991,3.0276548672566372,1.1205752212389382,3216.1714601769913,6454.780973451328,0.793141592920354,0.9811946902654868,0.004545454545454545,0.9454553871500674,0.6008655598445704,40548,5200.0,17.9,63.1,5.9,10.6,22.8,1472801.0,35.307,7.0,528.0,924.0,35.0
55079003400,937,114200,0.8046958377801494,2.937033084311633,1.1205976520811098,3175.1504802561367,7054.672358591249,0.8110992529348986,0.9850586979722519,0.00303951367781155,0.9229709085335083,0.5124059405770068,35925,6164.0,32.3,55.2,4.8,4.6,25.9,2061374.0,29.902,3.0,418.0,926.0,21.0
55079003500,893,90900,0.7267637178051511,2.9305711086226203,1.0884658454647256,3060.38633818589,5829.206047032475,0.6707726763717805,0.9809630459126539,0.0035149384885764497,0.9212200150476438,0.7179483609416967,49850,3614.0,10.0,79.8,1.9,5.8,13.4,1170743.0,30.869,2.0,381.0,748.0,41.0
55079003600,442,76250,0.5859728506787331,2.821266968325792,1.083710407239819,2891.237556561086,5740.755656108598,0.5542986425339367,0.9592760180995475,0.01687116564417178,0.5919495564143319,0.4148639506134364,34183,2301.0,7.3,85.2,5.3,0.6,17.6,1007039.0,22.849,4.0,396.0,832.0,-8.0
55079003700,610,86400,0.6245901639344262,2.9262295081967213,1.1262295081967213,3038.895081967213,5355.945901639344,0.6836065573770492,0.9688524590163935,0.007594936708860759,0.9982859790723955,0.7304195765619655,40813,2202.0,12.7,75.6,1.9,1.7,22.5,635345.0,34.658,1.0,182.0,374.0,27.0
55079003800,421,72300,0.5320665083135392,2.9572446555819476,1.144893111638955,2988.862232779097,5334.902612826603,0.5344418052256532,0.9097387173396675,0.013422818791946308,0.9011563804347783,0.4931994106587053,30192,2284.0,7.0,84.0,7.6,0.0,20.6,658637.0,34.678,2.0,299.0,508.0,23.0
55079003900,462,63900,0.5995670995670995,2.9437229437229435,1.0627705627705628,2733.9978354978357,5086.37012987013,0.3939393939393939,0.9090909090909091,0.014319809069212411,0.9478345322315069,0.46361975976033293,32339,2703.0,3.1,89.3,5.1,0.0,14.8,663809.0,40.72,4.0,342.0,539.0,34.0
55079004000,483,61900,0.5527950310559007,2.8530020703933747,1.0952380952380953,2709.4016563146997,5160.652173913043,0.38716356107660455,0.9151138716356108,0.009900990099009901,0.9432838751883875,0.7603135279975551,25155,2623.0,7.4,85.6,1.1,3.3,13.8,644027.0,40.728,3.0,378.0,451.0,11.0
55079004100,626,57200,0.5303514376996805,2.6900958466453675,1.0559105431309903,2543.520766773163,5214.356230031949,0.402555910543131,0.8993610223642172,0.01564245810055866,0.6108748321368956,0.4251803869136073,38589,2641.0,5.4,84.7,2.7,0.0,19.7,1440204.0,18.338,3.0,371.0,602.0,60.0
55079004200,434,49450,0.5944700460829493,3.1267281105990783,1.0944700460829493,2774.5460829493086,4819.78801843318,0.2764976958525346,0.8110599078341014,0.0392638036809816,0.8778727482907916,0.4487405185797453,24946,3746.0,1.5,95.7,0.5,0.0,6.9,689738.0,54.31,9.0,576.0,628.0,-9.0
55079004300,1088,74600,0.6433823529411765,3.1948529411764706,1.1397058823529411,3104.3161764705883,5106.997242647059,0.32536764705882354,0.8814338235294118,0.020942408376963352,0.8602282467674572,0.5395152455767684,29265,4620.0,4.4,92.8,1.3,0.0,17.6,1988156.0,23.238,11.0,684.0,1139.0,51.0
55079004400,267,33400,0.550561797752809,3.2247191011235956,1.146067415730337,2678.1348314606744,4670.853932584269,0.20599250936329588,0.50187265917603,0.035897435897435895,0.38981503153356045,0.12049296390529164,31555,3655.0,22.4,64.6,6.6,2.8,21.0,2230671.0,16.385,4.0,453.0,1119.0,17.0
55079004500,352,39500,0.5085227272727273,3.428977272727273,1.1392045454545454,2902.275568181818,4542.732954545455,0.12215909090909091,0.6022727272727273,0.0481283422459893,0.8696381328041796,0.4265074807819241,22549,2209.0,2.1,86.7,10.3,0.9,5.1,686810.0,32.163,11.0,423.0,449.0,26.0
55079004600,409,42500,0.5916870415647921,3.3031784841075793,1.1051344743276283,3002.8704156479216,4589.767726161369,0.1882640586797066,0.7212713936430318,0.0382830626450116,0.8878811141721943,0.4289539198319074,22820,2660.0,2.7,96.4,0.6,0.3,6.9,683594.0,38.912,6.0,514.0,539.0,6.0
55079004700,595,34400,0.5260504201680672,3.2857142857142856,1.0924369747899159,2857.7361344537817,4332.070588235294,0.20504201680672268,0.6857142857142857,0.03672787979966611,0.5453627662780874,0.26860068507389406,35191,4098.0,0.8,97.4,0.8,0.0,5.8,1436944.0,28.519,11.0,676.0,725.0,-59.0
55079004800,567,52500,0.5238095238095238,3.310405643738977,1.1022927689594357,2933.2663139329807,4523.670194003527,0.25220458553791886,0.7936507936507936,0.02910958904109589,0.8764106306063038,0.4205058422622073,29938,4014.0,5.4,89.5,1.9,0.4,7.1,994701.0,40.354,10.0,839.0,984.0,-7.0
55079004900,679,101800,0.6804123711340206,3.2989690721649483,1.223858615611193,3478.2061855670104,5168.334315169367,0.4948453608247423,0.9425625920471281,0.007849293563579277,0.8948659335770461,0.43202835283133184,39290,4396.0,19.4,68.3,5.5,0.0,27.1,987988.0,44.494,5.0,605.0,993.0,-2.0
55079005000,782,100350,0.7237851662404092,3.0895140664961636,1.1790281329923273,3211.1751918158566,4999.906649616369,0.5703324808184144,0.9424552429667519,0.014276002719238613,0.961581768015542,0.47720897422473035,44261,5256.0,21.9,68.0,4.1,4.2,27.2,1140724.0,46.076,8.0,432.0,774.0,-4.0
55079005100,582,92800,0.7147766323024055,2.922680412371134,1.092783505154639,2818.46735395189,5932.656357388316,0.7199312714776632,0.9707903780068728,0.02546296296296296,0.8709517440282176,0.507173435686428,27453,3491.0,13.0,79.3,2.6,2.9,10.1,2417228.0,14.442,3.0,403.0,688.0,26.0
55079005200,566,107800,0.7862190812720848,2.9010600706713783,1.1148409893992932,2950.250883392226,6174.351590106007,0.7879858657243817,0.9858657243816255,0.011058451816745656,0.9379389887527463,0.8480599934789697,42500,1584.0,52.7,34.7,5.6,4.1,23.1,680560.0,23.275,1.0,114.0,319.0,-13.0
55079005300,643,110500,0.7698289269051322,2.8771384136858478,1.1135303265940901,2619.947122861586,5598.211508553654,0.7153965785381027,0.9844479004665629,0.006510416666666667,0.9278271173103296,0.7662667700712081,50563,2050.0,54.6,32.1,4.4,0.6,32.9,670708.0,30.565,1.0,75.0,309.0,-2.0
55079005400,991,119200,0.8355196770938446,3.036326942482341,1.119071644803229,2746.576185671039,5574.051463168516,0.7527749747729566,0.9909182643794148,0.0048712595685455815,0.9455742863820537,0.7037048048861707,53462,3701.0,70.1,15.2,5.0,7.2,32.8,1339688.0,27.626,1.0,182.0,493.0,-9.0
55079005500,1229,130200,0.8380797396257119,3.0292921074043937,1.1407648494711147,3061.6379170056957,6131.429617575264,0.8266883645240033,0.9820992676973149,0.005934718100890208,0.970394797849481,0.8833535268262004,65404,3207.0,71.2,12.6,10.5,2.2,45.8,1283947.0,24.978,0.0,91.0,293.0,-5.0
55079005600,737,153900,0.8900949796472184,2.953867028493894,1.2008141112618724,3384.8710990502036,6950.670284938941,0.8968792401628223,0.9959294436906377,0.002372479240806643,0.9706872413773121,0.8503805432904424,68864,2273.0,79.2,4.9,6.1,2.9,52.0,1236487.0,18.383,0.0,33.0,164.0,-3.0
55079005700,801,146800,0.8826466916354557,2.922596754057428,1.16354556803995,3028.840199750312,5509.310861423221,0.8589263420724095,0.9900124843945068,0.0021231422505307855,0.9726243737599058,0.8261111771321787,61094,2610.0,79.0,19.1,1.5,0.0,41.7,796887.0,32.752,0.0,64.0,255.0,-2.0
55079005800,848,145950,0.8514150943396226,2.972877358490566,1.1650943396226414,3141.5849056603774,5403.471698113208,0.7830188679245284,0.9823113207547169,0.008857395925597875,0.9448000271095316,0.6891367088666535,53342,3530.0,63.0,29.0,1.8,0.5,46.7,1012042.0,34.88,3.0,163.0,473.0,18.0
55079005900,576,85650,0.6354166666666666,3.045138888888889,1.1440972222222223,2817.1857638888887,4792.815972222223,0.4166666666666667,0.8454861111111112,0.025339366515837104,0.8973365161297268,0.43670128451131784,36944,3563.0,19.4,63.2,11.5,2.6,14.3,850830.0,41.877,2.0,459.0,737.0,13.0
55079006000,143,81500,0.6223776223776224,3.5804195804195804,1.2097902097902098,3371.993006993007,5071.167832167832,0.3356643356643357,0.8601398601398601,0.02901023890784983,0.9346254397015535,0.1850305579868835,29375,2543.0,4.5,88.8,5.7,0.2,11.6,414269.0,61.385,3.0,506.0,578.0,-45.0
55079006100,327,101600,0.5535168195718655,3.8073394495412844,1.3241590214067278,4214.030581039755,5946.709480122324,0.24770642201834864,0.9174311926605505,0.031198686371100164,0.9703888254437294,0.497056232771513,30595,2276.0,9.0,86.5,1.5,1.3,22.3,520490.0,43.728,5.0,498.0,540.0,55.0
55079006200,259,50000,0.4864864864864865,3.6486486486486487,1.2046332046332047,3139.2123552123553,4045.8880308880307,0.2277992277992278,0.6833976833976834,0.05413105413105413,0.9051473196156632,0.3265826821878488,27470,2624.0,3.4,94.2,1.0,0.0,11.3,470068.0,55.822,9.0,636.0,573.0,47.0
55079006300,274,24200,0.3722627737226277,3.4562043795620436,1.1751824817518248,2809.1423357664235,3933.412408759124,0.17153284671532848,0.48175182481751827,0.0687116564417178,0.6113902531361861,0.2641865034077675,25438,2320.0,1.6,92.6,2.6,0.0,4.9,870622.0,26.648,7.0,567.0,613.0,36.0
55079006400,250,19100,0.396,3.372,1.136,2618.012,4134.884,0.108,0.376,0.08472222222222223,0.7930599227382984,0.3266667664879865,20969,1941.0,0.7,98.1,0.9,0.0,0.6,488483.0,39.735,4.0,481.0,493.0,-27.0
55079006500,292,24000,0.4657534246575342,3.3972602739726026,1.167808219178082,2672.3698630136987,4144.147260273972,0.1506849315068493,0.4520547945205479,0.04118404118404118,0.8456913737086413,0.3526623036495414,18979,2109.0,2.2,92.7,1.1,3.1,10.9,501873.0,42.023,8.0,474.0,485.0,-54.0
55079006600,300,20100,0.4633333333333333,3.39,1.1533333333333333,2593.4933333333333,4225.82,0.11333333333333333,0.37666666666666665,0.06962663975782038,0.8325541258397415,0.32094273794290873,23060,2546.0,1.2,93.2,5.1,0.0,5.0,944299.0,26.962,8.0,564.0,540.0,-46.0
55079006700,113,24300,0.5752212389380531,3.4601769911504423,1.1858407079646018,2702.6548672566373,5478.486725663717,0.11504424778761062,0.35398230088495575,0.05741626794258373,0.8624796082274736,0.23906515660568184,21705,1200.0,2.8,88.1,1.9,3.6,16.0,403857.0,29.713,3.0,254.0,208.0,5.0
55079006800,296,24850,0.4864864864864865,3.3412162162162162,1.1114864864864864,2827.6216216216217,4852.773648648648,0.1554054054054054,0.5168918918918919,0.06088082901554404,0.8634359091798837,0.356934776295269,22799,2386.0,3.1,93.9,2.1,0.0,8.0,597800.0,39.913,7.0,412.0,426.0,-25.0
55079006900,202,28900,0.504950495049505,3.3465346534653464,1.1435643564356435,2673.2574257425745,4657.470297029703,0.13861386138613863,0.4158415841584158,0.060240963855421686,0.8542831131628487,0.24506999043315827,19281,3046.0,3.0,81.7,13.6,0.0,4.3,503376.0,60.511,4.0,363.0,401.0,-39.0
55079007000,217,28700,0.4976958525345622,3.4976958525345623,1.1382488479262673,2674.1658986175116,4910.2811059907835,0.06451612903225806,0.2304147465437788,0.04353741496598639,0.7981161332791473,0.2241718728028766,21731,2811.0,6.3,79.8,7.9,1.4,5.6,663450.0,42.369,6.0,448.0,485.0,-24.0
55079007100,170,133550,0.7176470588235294,3.0588235294117645,1.2647058823529411,2666.3117647058825,3678.8411764705884,0.2823529411764706,0.6,0.0067226890756302525,0.8732347520634308,0.2337367203541995,42284,2001.0,70.2,12.8,5.8,3.6,48.3,367622.0,54.431,0.0,126.0,532.0,-20.0
55079007200,307,167200,0.8762214983713354,3.0586319218241043,1.208469055374593,2960.9804560260586,5004.410423452769,0.4755700325732899,0.8110749185667753,0.002207505518763797,0.9211549025486027,0.3107331731960715,50658,2895.0,65.9,15.1,11.1,0.0,49.7,813653.0,35.58,1.0,133.0,559.0,-12.0
55079007300,289,220100,0.8235294117647058,3.43598615916955,1.3391003460207613,3324.8581314878893,4744.934256055363,0.4982698961937716,0.8373702422145328,0.0,0.9471911221350132,0.37485931325753835,42990,2789.0,74.4,18.5,0.8,1.1,71.6,661434.0,42.166,0.0,101.0,445.0,-3.0
55079007400,272,439600,0.8455882352941176,4.5661764705882355,2.2904411764705883,5704.95955882353,9397.89705882353,0.46691176470588236,0.9154411764705882,0.0,0.9465094896153299,0.6313183750686547,94167,4055.0,77.4,8.3,5.4,2.5,77.8,913229.0,44.403,0.0,27.0,158.0,7.0
55079007500,499,365600,0.8857715430861723,4.727454909819639,2.006012024048096,5434.761523046092,6220.839679358717,0.4248496993987976,0.9118236472945892,0.0038022813688212928,0.9861879697335406,0.63293084322677,101083,2522.0,87.2,3.0,4.9,3.1,85.1,690878.0,36.504,0.0,56.0,509.0,-12.0
55079007600,170,494600,0.888235294117647,4.694117647058824,2.4352941176470586,6041.3117647058825,6869.2,0.4823529411764706,0.8235294117647058,0.0,0.8864460616926678,0.3066874584361201,50508,3554.0,84.5,4.7,3.9,3.7,65.1,578926.0,61.39,0.0,119.0,565.0,9.0
55079007700,150,206400,0.7066666666666667,3.3066666666666666,1.24,2996.7733333333335,3675.2533333333336,0.3333333333333333,0.46,0.007194244604316547,0.7815346208882178,0.11099722331624193,34500,3396.0,83.8,1.9,6.8,2.9,66.7,674118.0,50.377,0.0,147.0,670.0,-9.0
55079007800,218,244800,0.7889908256880734,3.743119266055046,1.3577981651376148,3713.316513761468,4430.821100917431,0.463302752293578,0.8211009174311926,0.003067484662576687,0.921270099518166,0.23998407424744742,34625,3608.0,73.3,4.9,8.8,7.7,51.7,639253.0,56.441,1.0,213.0,850.0,-28.0
55079007900,136,136300,0.7279411764705882,2.8088235294117645,1.1691176470588236,2662.8382352941176,3960.5661764705883,0.2867647058823529,0.5661764705882353,0.003883495145631068,0.8516461664469175,0.1860825277289922,41369,2223.0,71.3,11.4,9.6,1.8,50.6,513147.0,43.321,0.0,98.0,406.0,-8.0
55079008000,160,120600,0.725,3.04375,1.1875,2698.56875,3892.86875,0.15625,0.575,0.007619047619047619,0.88706125983216,0.23092359060562415,32250,1964.0,54.8,32.8,3.6,1.1,37.1,326024.0,60.241,0.0,156.0,496.0,-26.0
55079008100,116,56750,0.5258620689655172,3.3879310344827585,1.1551724137931034,2746.5344827586205,5026.103448275862,0.12931034482758622,0.33620689655172414,0.03498542274052478,0.9001385130021097,0.2787742605566945,23514,1279.0,17.2,59.7,17.7,0.0,8.6,278881.0,45.862,2.0,191.0,210.0,-13.0
55079008400,145,21900,0.32413793103448274,3.420689655172414,1.3103448275862069,2855.255172413793,4125.075862068966,0.33793103448275863,0.4689655172413793,0.07322654462242563,0.852859206901192,0.36653021042119655,20517,1151.0,0.0,95.1,1.0,2.5,3.5,456634.0,25.206,2.0,260.0,234.0,14.0
55079008500,98,18400,0.42857142857142855,3.4285714285714284,1.1020408163265305,2613.377551020408,5020.1122448979595,0.16326530612244897,0.30612244897959184,0.08088235294117647,0.7165143152056963,0.22403187571619765,21090,1162.0,1.3,96.1,2.0,0.0,12.7,398854.0,29.133,6.0,322.0,365.0,0.0
55079008600,147,21200,0.4965986394557823,3.4081632653061225,1.2585034013605443,2654.4761904761904,4865.9047619047615,0.19047619047619047,0.32653061224489793,0.05652173913043478,0.8265246761012881,0.3170396803343554,21850,1004.0,2.1,96.8,0.0,0.0,9.8,302060.0,33.238,3.0,254.0,278.0,43.0
55079008700,169,20000,0.5798816568047337,3.4792899408284024,1.21301775147929,2509.585798816568,4467.301775147929,0.14201183431952663,0.2603550295857988,0.06593406593406594,0.8263375719533028,0.33466028572217643,23531,1304.0,1.0,92.2,6.8,0.0,10.4,329240.0,39.606,5.0,308.0,295.0,1.0
55079008800,159,22300,0.44025157232704404,3.4716981132075473,1.2830188679245282,2635.811320754717,4332.33962264151,0.15723270440251572,0.3710691823899371,0.07197549770290965,0.7834895520623673,0.21729283778865208,15882,1643.0,0.5,96.7,0.5,0.0,5.2,490331.0,33.508,8.0,518.0,513.0,-36.0
55079008900,111,29400,0.4594594594594595,3.6576576576576576,1.2432432432432432,2610.027027027027,3705.8198198198197,0.22522522522522523,0.36936936936936937,0.07339449541284404,0.43188256200625197,0.14159389350583848,17969,1058.0,10.3,81.5,5.2,2.6,7.1,596895.0,17.725,3.0,363.0,337.0,-12.0
55079009000,175,47900,0.46285714285714286,3.72,1.3714285714285714,2905.657142857143,4066.822857142857,0.36,0.36,0.04430379746835443,0.7545954244872722,0.22203795111488386,28113,2586.0,3.9,82.9,0.0,13.1,6.4,503057.0,51.406,5.0,624.0,713.0,-11.0
55079009100,240,89000,0.5416666666666666,3.7875,1.3541666666666667,3711.733333333333,5120.0875,0.2375,0.7291666666666666,0.025757575757575757,0.8816995851319837,0.35992507486856584,26128,2239.0,7.2,78.4,3.1,6.3,14.8,508698.0,44.014,4.0,422.0,584.0,16.0
55079009200,175,99400,0.7314285714285714,3.5714285714285716,1.2457142857142858,3524.9314285714286,4974.32,0.2914285714285714,0.8057142857142857,0.027842227378190254,0.8489509724035946,0.3155307848947392,36349,1865.0,22.2,62.0,10.1,0.3,18.0,407897.0,45.722,0.0,251.0,404.0,1.0
55079009300,480,142150,0.74375,3.2041666666666666,1.2208333333333334,3165.235416666667,4774.435416666666,0.5041666666666667,0.8833333333333333,0.011152416356877323,0.908286518491269,0.49199722025406306,55386,2609.0,48.6,38.8,5.7,0.0,37.3,570525.0,45.73,0.0,195.0,415.0,41.0
55079009400,398,163600,0.8994974874371859,3.5175879396984926,1.3341708542713568,3473.957286432161,5114.869346733668,0.507537688442211,0.8391959798994975,0.006321112515802781,0.9722615358468032,0.4249359738566189,70729,2574.0,78.9,9.5,5.6,0.0,54.3,604150.0,42.605,0.0,53.0,215.0,-13.0
55079009500,384,181150,0.8463541666666666,3.6901041666666665,1.3776041666666667,4039.5364583333335,5473.627604166667,0.375,0.8880208333333334,0.0061162079510703364,0.980473545828958,0.5445913954824931,64375,2149.0,68.1,19.5,8.2,0.9,54.0,510256.0,42.116,0.0,50.0,187.0,-2.0
55079009600,150,43650,0.44,3.6933333333333334,1.1866666666666668,3085.84,4428.433333333333,0.17333333333333334,0.48,0.06017699115044248,0.8548941071795018,0.23111132414332342,25477,2039.0,6.2,65.8,17.6,2.9,7.8,998561.0,20.419,3.0,461.0,460.0,60.0
55079009700,155,41200,0.6387096774193548,3.8838709677419354,1.264516129032258,2887.8967741935485,5179.948387096774,0.12903225806451613,0.1870967741935484,0.036072144288577156,0.7652856030596195,0.2943515932010795,23722,1661.0,5.5,59.5,4.6,28.1,16.1,446217.0,37.224,9.0,355.0,342.0,18.0
55079009800,130,41550,0.6307692307692307,4.061538461538461,1.2923076923076924,3024.576923076923,4460.869230769231,0.13846153846153847,0.2153846153846154,0.02528735632183908,0.7520141175929477,0.2659528056280983,20492,1532.0,2.0,80.3,1.1,8.7,5.8,440162.0,34.805,4.0,339.0,358.0,5.0
55079009900,180,44400,0.4722222222222222,3.5555555555555554,1.1944444444444444,2706.311111111111,4941.555555555556,0.18888888888888888,0.3055555555555556,0.04487179487179487,0.6979084731426902,0.3355259260891905,26758,1175.0,1.7,94.5,2.8,0.0,5.8,516294.0,22.758,4.0,355.0,377.0,37.0
55079010600,154,95800,0.538961038961039,3.142857142857143,1.3181818181818181,3039.318181818182,4625.616883116883,0.37012987012987014,0.43506493506493504,0.023746701846965697,0.9198566524601044,0.37975171375277983,37917,1314.0,26.8,42.8,21.2,4.2,25.2,290784.0,45.188,3.0,136.0,270.0,7.0
55079010700,149,121100,0.6308724832214765,3.12751677852349,1.221476510067114,2692.6778523489934,3691.221476510067,0.26174496644295303,0.436241610738255,0.0037267080745341614,0.881449785762683,0.15578421341803167,55000,2505.0,66.2,15.1,16.4,1.4,55.3,575044.0,43.562,1.0,166.0,600.0,-17.0
55079010800,99,220200,0.7575757575757576,3.393939393939394,1.3232323232323233,3221.4545454545455,3278.282828282828,0.31313131313131315,0.3333333333333333,0.001953125,0.7942815299596114,0.13514719511218407,46488,2598.0,80.1,8.9,4.4,3.1,68.5,324635.0,80.028,0.0,158.0,663.0,-16.0
55079011000,58,206100,0.6379310344827587,2.7241379310344827,1.3103448275862069,2925.810344827586,3893.293103448276,0.4827586206896552,0.3275862068965517,0.002849002849002849,0.8596260328486764,0.0660777839214373,33563,2763.0,79.7,12.4,1.5,4.4,59.9,278149.0,99.335,1.0,138.0,534.0,-3.0
55079011100,35,244500,0.8,3.3142857142857145,1.457142857142857,3447.9142857142856,3492.8285714285716,0.5428571428571428,0.2571428571428571,0.008968609865470852,0.6722738486616752,0.0944833002017646,44952,1547.0,83.7,5.0,2.8,4.6,67.2,247935.0,62.395,0.0,144.0,423.0,30.0
55079011200,109,166800,0.5045871559633027,2.596330275229358,1.1559633027522935,2460.6880733944954,3136.091743119266,0.30275229357798167,0.11926605504587157,0.014627659574468085,0.8805551973505108,0.10980110409029223,53864,2298.0,75.0,12.8,7.6,1.9,63.6,364075.0,63.119,3.0,107.0,534.0,4.0
55079011300,21,168900,0.5238095238095238,2.8095238095238093,1.3333333333333333,2818.6190476190477,2886.2380952380954,0.2857142857142857,0.42857142857142855,0.0045871559633027525,0.5751410991857883,0.018501998019485065,43077,2052.0,80.3,9.9,4.8,3.1,66.8,433646.0,47.32,1.0,105.0,678.0,8.0
55079011400,56,242500,0.7678571428571429,3.017857142857143,1.7142857142857142,3795.0714285714284,5877.035714285715,0.5892857142857143,0.39285714285714285,0.009523809523809525,0.4588504081427482,0.06513977877657709,70349,1446.0,76.6,17.6,4.5,0.6,70.4,512182.0,28.232,0.0,96.0,430.0,18.0
55079012200,176,64100,0.5795454545454546,3.965909090909091,1.3920454545454546,3680.6420454545455,4772.386363636364,0.19318181818181818,0.5738636363636364,0.030303030303030304,0.8875221972297858,0.29495815537605524,23722,2082.0,9.7,43.1,4.8,32.7,11.8,498543.0,41.762,5.0,334.0,448.0,21.0
55079012300,77,64100,0.5844155844155844,3.4025974025974026,1.1168831168831168,2773.909090909091,5043.948051948052,0.3116883116883117,0.5194805194805194,0.022058823529411766,0.511496717056039,0.1304571690334402,21726,1031.0,11.0,73.4,13.9,1.2,5.3,769185.0,13.404,1.0,266.0,337.0,35.0
55079012400,348,129200,0.853448275862069,3.2270114942528734,1.2155172413793103,2967.6867816091954,4708.982758620689,0.4482758620689655,0.8247126436781609,0.011658031088082901,0.783990449824418,0.31981165963719244,41424,2661.0,44.9,28.6,3.5,15.8,34.2,1319343.0,20.169,0.0,138.0,277.0,22.0
55079012500,451,194500,0.8248337028824834,3.305986696230599,1.2926829268292683,3678.0665188470066,6726.569844789357,0.6075388026607539,0.8980044345898004,0.0041265474552957355,0.76997435911928,0.5208584137319068,66656,2141.0,82.7,9.2,4.5,1.0,48.3,1819625.0,11.766,0.0,40.0,179.0,12.0
55079012600,540,123950,0.7833333333333333,2.7814814814814817,1.1407407407407408,2602.9148148148147,5299.114814814815,0.6148148148148148,0.8685185185185185,0.010452961672473868,0.8922273249094498,0.5438523925730429,50708,2432.0,87.0,4.4,6.3,1.6,39.3,787676.0,30.876,2.0,66.0,158.0,8.0
55079012700,376,141200,0.8537234042553191,2.875,1.1622340425531914,2614.853723404255,5664.875,0.7606382978723404,0.9361702127659575,0.0081799591002045,0.7689864945950686,0.605072296534259,49545,1252.0,78.3,2.1,17.8,0.0,39.8,1013138.0,12.358,0.0,39.0,72.0,-3.0
55079012800,567,141500,0.7918871252204586,2.9047619047619047,1.1058201058201058,2751.283950617284,6424.913580246914,0.691358024691358,0.8835978835978836,0.0024330900243309003,0.6513733277637688,0.42645933160851796,47279,3091.0,77.1,6.3,10.8,4.1,32.5,2709467.0,11.408,0.0,102.0,234.0,-4.0
55079012900,674,110100,0.8189910979228486,2.744807121661721,1.096439169139466,2380.3189910979227,4901.048961424332,0.5415430267062314,0.8649851632047477,0.005644402634054563,0.8998622564635277,0.5471324005605231,50221,3231.0,65.1,10.5,19.6,0.0,20.8,1057403.0,30.556,0.0,125.0,204.0,13.0
55079013000,423,107700,0.806146572104019,2.784869976359338,1.094562647754137,2395.5602836879434,4837.5200945626475,0.5721040189125296,0.8392434988179669,0.008532423208191127,0.9315447040285432,0.6242104368330986,43009,1938.0,58.9,6.7,26.3,0.9,23.6,643810.0,30.102,0.0,86.0,133.0,12.0
55079013300,155,67200,0.6903225806451613,3.0709677419354837,1.1935483870967742,2736.6451612903224,4421.741935483871,0.36129032258064514,0.567741935483871,0.02185792349726776,0.7509401358719238,0.33469310461822516,32875,1012.0,32.6,37.6,12.5,12.8,19.7,596295.0,16.971,3.0,126.0,198.0,17.0
55079013400,163,58900,0.5644171779141104,3.9938650306748467,1.2822085889570551,3446.2085889570553,4605.576687116564,0.20245398773006135,0.3987730061349693,0.028761061946902654,0.937818524830598,0.28766172048473126,18924,2234.0,18.2,49.9,15.9,4.7,4.9,535452.0,41.722,2.0,374.0,436.0,54.0
55079013500,45,108100,0.7555555555555555,4.888888888888889,1.9555555555555555,5336.666666666667,7320.933333333333,0.3111111111111111,0.5777777777777777,0.10666666666666667,0.707363272195609,0.14273063344705028,16250,2082.0,19.3,63.4,13.6,0.6,15.3,253343.0,82.181,1.0,588.0,499.0,55.0
55079013600,94,107600,0.7659574468085106,4.351063829787234,1.4574468085106382,4850.223404255319,7473.308510638298,0.26595744680851063,0.6382978723404256,0.057034220532319393,0.8759851127973252,0.24021051566749527,15882,2238.0,12.8,68.7,16.5,0.0,10.7,390900.0,57.252,2.0,369.0,439.0,33.0
55079013700,69,67500,0.5507246376811594,4.043478260869565,1.2028985507246377,3494.159420289855,5859.376811594203,0.17391304347826086,0.463768115942029,0.048458149779735685,0.8239999666099035,0.20125630238071388,18652,1506.0,14.7,70.0,4.0,9.0,12.9,315492.0,47.735,1.0,470.0,442.0,-1.0
55079014600,21,54300,0.42857142857142855,3.9047619047619047,1.1428571428571428,2613.6666666666665,5571.0,0.09523809523809523,0.5238095238095238,0.014150943396226415,0.5330876788486342,0.023940407850998692,9447,3720.0,67.7,15.0,6.1,6.5,26.2,404414.0,91.985,0.0,254.0,295.0,-2.0
55079014700,34,102150,0.3235294117647059,4.117647058823529,1.3235294117647058,2505.0882352941176,5700.294117647059,0.20588235294117646,0.23529411764705882,0.016574585635359115,0.756127288470089,0.0830489403028152,12522,3151.0,64.8,16.8,9.5,7.2,38.1,269497.0,116.922,2.0,163.0,183.0,7.0
55079014800,45,82400,0.4,4.444444444444445,1.4444444444444444,3723.6222222222223,4738.133333333333,0.15555555555555556,0.28888888888888886,0.016042780748663103,0.6209988049725805,0.08038634262601878,20036,2077.0,44.2,30.5,12.0,6.7,36.8,342213.0,60.693,4.0,208.0,292.0,-4.0
55079014900,40,48150,0.5,3.425,1.15,2864.15,3787.65,0.225,0.35,0.046153846153846156,0.4907956697195034,0.06324616463236228,17446,1440.0,30.6,47.3,17.0,1.5,20.3,356628.0,40.378,2.0,287.0,404.0,11.0
55079015700,253,46100,0.5612648221343873,3.1185770750988144,1.1264822134387351,2480.9446640316205,3255.6363636363635,0.08695652173913043,0.383399209486166,0.016722408026755852,0.8258475218990557,0.2975233210723901,26838,2892.0,12.7,8.1,76.9,0.0,4.9,486613.0,59.431,4.0,383.0,549.0,37.0
55079015800,187,67400,0.6417112299465241,3.4010695187165774,1.13903743315508,2958.342245989305,4152.0,0.1657754010695187,0.5347593582887701,0.005917159763313609,0.7786287486084646,0.2518809915699706,23646,2591.0,12.6,13.5,67.6,4.9,4.0,428632.0,60.448,4.0,458.0,633.0,-12.0
55079015900,191,91000,0.7068062827225131,3.6649214659685865,1.130890052356021,3320.2041884816754,4423.38219895288,0.2198952879581152,0.6910994764397905,0.008503401360544218,0.9134371442043403,0.2431041290505599,23730,3609.0,15.5,13.6,67.9,0.0,5.0,471510.0,76.541,1.0,380.0,603.0,15.0
55079016000,275,86100,0.7563636363636363,3.3163636363636364,1.1818181818181819,2742.232727272727,3987.450909090909,0.31272727272727274,0.6690909090909091,0.014018691588785047,0.8726210154950259,0.33473747942607857,24480,3289.0,15.2,14.5,58.2,8.1,5.0,395501.0,83.16,0.0,287.0,472.0,9.0
55079016100,415,89200,0.7469879518072289,3.3542168674698796,1.144578313253012,2757.7277108433736,3876.64578313253,0.3397590361445783,0.7759036144578313,0.009174311926605505,0.8869327434048493,0.46049548681372227,36782,3624.0,20.7,2.8,73.8,0.0,4.1,594267.0,60.983,0.0,218.0,494.0,6.0
55079016200,307,76300,0.7231270358306189,3.273615635179153,1.1302931596091206,2904.0944625407164,4029.6188925081433,0.2736156351791531,0.6612377850162866,0.01788617886178862,0.9092755344719926,0.37768972876706064,35503,3181.0,21.6,4.5,68.2,2.6,13.0,463873.0,68.575,4.0,335.0,503.0,-25.0
55079016300,405,52800,0.6493827160493827,3.106172839506173,1.0864197530864197,2603.777777777778,3802.41975308642,0.14814814814814814,0.4419753086419753,0.01762114537444934,0.8696219608626011,0.32893569170447473,30116,4457.0,10.9,5.3,83.1,0.0,1.7,561000.0,79.447,5.0,619.0,805.0,20.0
55079016400,325,51000,0.6246153846153846,3.046153846153846,1.08,2474.4307692307693,3323.2092307692305,0.09230769230769231,0.38461538461538464,0.015604681404421327,0.8953062367181074,0.3061053979438688,30881,4381.0,7.9,11.1,78.1,1.0,3.0,465409.0,94.132,2.0,653.0,750.0,17.0
55079016500,203,62000,0.5615763546798029,2.9507389162561575,1.0591133004926108,2375.1231527093596,3676.2610837438424,0.1330049261083744,0.33497536945812806,0.020637898686679174,0.7040402385890286,0.24299894414023027,23627,2131.0,19.2,3.8,75.6,0.0,8.3,1063064.0,20.046,3.0,300.0,443.0,5.0
55079016600,162,53000,0.4691358024691358,2.6604938271604937,0.9506172839506173,2153.4753086419755,3354.3086419753085,0.11728395061728394,0.24074074074074073,0.02748414376321353,0.5849855197781987,0.1995108064088135,22500,1879.0,21.5,22.9,51.0,1.0,8.1,603886.0,31.115,4.0,277.0,400.0,11.0
55079016700,173,55500,0.6763005780346821,3.0346820809248554,1.023121387283237,2518.0693641618495,3745.976878612717,0.1676300578034682,0.4508670520231214,0.015544041450777202,0.7590681131663277,0.1733483644507441,30259,3527.0,7.5,15.3,74.1,1.6,4.9,486175.0,72.546,3.0,478.0,715.0,-7.0
55079016800,215,54000,0.627906976744186,2.9627906976744187,1.0651162790697675,2512.1906976744185,3571.572093023256,0.16279069767441862,0.42790697674418604,0.011363636363636364,0.7187352514348642,0.23868194006713414,28380,3355.0,7.0,13.2,76.8,2.7,2.3,526168.0,63.763,2.0,574.0,761.0,18.0
55079016900,303,52100,0.6435643564356436,2.99009900990099,1.0429042904290429,2388.6996699669967,3495.4851485148515,0.10891089108910891,0.38943894389438943,0.018666666666666668,0.8162422427906411,0.28985451528054107,17107,3668.0,15.2,2.2,79.6,0.0,0.0,477616.0,76.798,0.0,470.0,641.0,26.0
55079017000,449,76200,0.6993318485523385,3.354120267260579,1.1625835189309577,2995.895322939866,4211.570155902004,0.2583518930957684,0.6837416481069042,0.01028999064546305,0.8942486638212789,0.32326801438074365,30598,5958.0,22.5,6.6,65.4,0.8,7.0,705661.0,84.431,1.0,496.0,902.0,9.0
55079017100,329,95700,0.8389057750759878,3.276595744680851,1.1580547112462005,2886.647416413374,4459.434650455927,0.39209726443769,0.8753799392097265,0.005050505050505051,0.7966257437339994,0.4213747265765386,40435,2897.0,13.9,0.6,76.9,7.3,8.8,675647.0,42.877,0.0,176.0,467.0,-6.0
55079017200,343,95100,0.8717201166180758,3.3206997084548107,1.1166180758017492,2909.1516034985425,4413.7959183673465,0.3965014577259475,0.8775510204081632,0.016042780748663103,0.9504826728659296,0.5485220771781847,50833,2945.0,17.0,2.3,77.5,2.8,10.2,485608.0,60.646,0.0,120.0,344.0,12.0
55079017300,358,85700,0.7150837988826816,3.435754189944134,1.1452513966480447,2991.2346368715084,4083.0670391061453,0.2905027932960894,0.7067039106145251,0.005154639175257732,0.9008897704310419,0.3985032803539731,39918,4087.0,10.2,7.7,80.8,0.1,5.1,511004.0,79.98,2.0,281.0,595.0,25.0
55079017400,165,56300,0.6545454545454545,3.272727272727273,1.0424242424242425,2545.5151515151515,3764.2484848484846,0.1696969696969697,0.48484848484848486,0.027573529411764705,0.8639058080240608,0.2464342690376208,25130,3169.0,11.1,5.9,75.3,4.7,4.6,326540.0,97.048,4.0,373.0,477.0,7.0
55079017500,257,66600,0.669260700389105,3.1167315175097277,1.1245136186770428,2625.7976653696496,3700.058365758755,0.19066147859922178,0.6070038910505836,0.011194029850746268,0.8203687127170355,0.25617577097962757,27147,3993.0,8.1,12.1,70.3,3.9,5.3,488635.0,81.717,3.0,481.0,718.0,36.0
55079017600,151,77900,0.7019867549668874,3.251655629139073,1.1523178807947019,2869.119205298013,3635.569536423841,0.17218543046357615,0.6622516556291391,0.016574585635359115,0.9086310458207668,0.22408257865366424,28935,2666.0,15.8,5.1,71.5,2.3,4.0,471588.0,56.532,5.0,349.0,469.0,8.0
55079017900,394,163650,0.7766497461928934,3.2411167512690353,1.2411167512690355,2763.3934010152284,3850.9289340101523,0.5253807106598984,0.649746192893401,0.0067039106145251395,0.813029013804763,0.33310377405247904,57300,2885.0,77.5,1.9,14.0,1.7,47.8,613067.0,47.058,0.0,120.0,520.0,-2.0
55079018000,416,159950,0.7596153846153846,2.9134615384615383,1.2139423076923077,2652.1875,4227.853365384615,0.5096153846153846,0.6009615384615384,0.004282655246252677,0.6450886998177442,0.2553779805208062,50926,2877.0,76.7,1.5,17.4,1.8,41.7,2827359.0,10.176,0.0,87.0,509.0,15.0
55079018100,410,218650,0.8073170731707318,2.9292682926829268,1.275609756097561,3019.7146341463413,5066.034146341463,0.5853658536585366,0.7902439024390244,0.0025575447570332483,0.94754286102278,0.5604277614946757,61029,1663.0,88.8,0.4,3.5,1.9,47.1,579401.0,28.702,0.0,20.0,237.0,6.0
55079018200,387,249600,0.9069767441860465,3.3126614987080103,1.297157622739018,3368.485788113695,4624.276485788114,0.5917312661498708,0.7958656330749354,0.001669449081803005,0.9436668595605985,0.5875170584937327,73047,1696.0,92.6,0.4,4.8,2.2,60.8,557513.0,30.421,0.0,22.0,186.0,0.0
55079018300,434,179000,0.8525345622119815,3.1474654377880182,1.1981566820276497,2921.769585253456,4100.07603686636,0.5691244239631337,0.8087557603686636,0.006501950585175552,0.9650469453769179,0.46123264486903565,67241,2434.0,79.4,2.1,10.8,0.0,38.9,672430.0,36.197,0.0,80.0,299.0,-6.0
55079018400,307,165000,0.8697068403908795,2.9120521172638436,1.1693811074918568,2737.071661237785,4424.068403908795,0.6514657980456026,0.8534201954397395,0.002079002079002079,0.8850048399889123,0.5210699197014523,61354,1471.0,85.9,0.0,10.8,1.4,35.1,714703.0,20.582,0.0,61.0,285.0,-19.0
55079018500,527,142400,0.8614800759013282,2.74573055028463,1.1176470588235294,2646.8387096774195,6126.804554079697,0.713472485768501,0.9449715370018975,0.005509641873278237,0.5032878652432577,0.40120642305802817,59632,2013.0,65.7,0.7,28.0,0.3,26.1,1876099.0,10.73,0.0,82.0,493.0,0.0
55079018600,230,83000,0.7956521739130434,3.0608695652173914,1.0739130434782609,2659.1608695652176,3701.304347826087,0.30434782608695654,0.808695652173913,0.005,0.772623751967475,0.3004548035865522,33986,2754.0,21.0,4.8,69.1,2.2,7.3,478342.0,57.574,4.0,255.0,412.0,21.0
55079018700,245,87100,0.8081632653061225,3.0693877551020408,1.1591836734693877,2721.1306122448977,3910.930612244898,0.31020408163265306,0.7795918367346939,0.01272984441301273,0.8557411512119402,0.2711909014693302,26382,3735.0,25.7,5.1,63.0,1.8,3.1,489660.0,76.277,2.0,293.0,467.0,-29.0
55079018800,137,90500,0.8175182481751825,3.218978102189781,1.102189781021898,2889.3503649635036,4013.693430656934,0.20437956204379562,0.6788321167883211,0.010126582278481013,0.9459084648281733,0.31084532060554376,35349,2178.0,13.1,6.1,79.5,0.0,5.2,932629.0,23.353,0.0,144.0,271.0,-10.0
55079018900,243,94500,0.7983539094650206,3.234567901234568,1.1522633744855968,2720.2427983539096,4039.2716049382716,0.43209876543209874,0.7942386831275721,0.017977528089887642,0.614257539616651,0.3346199717327653,60114,1983.0,31.4,0.3,67.2,0.0,15.9,620050.0,31.981,0.0,75.0,246.0,-15.0
55079019000,1207,134300,0.8873239436619719,2.8260149130074566,1.1300745650372825,2882.6835128417565,5557.511184755593,0.7845898922949461,0.9710024855012428,0.005372733378106112,0.9520695325674303,0.714049943286843,53387,4761.0,63.9,4.1,25.2,0.9,22.8,2467492.0,19.295,0.0,167.0,502.0,3.0
55079019100,584,151800,0.916095890410959,3.065068493150685,1.3116438356164384,3473.496575342466,6155.815068493151,0.8476027397260274,0.9845890410958904,0.0011363636363636363,0.9320258339823791,0.6116625613201275,39160,3822.0,57.8,6.3,30.9,2.9,31.4,1564713.0,24.426,0.0,156.0,417.0,14.0
55079019200,1047,129000,0.8624641833810889,2.8032473734479466,1.1241642788920725,2700.4498567335245,7486.694364851958,0.8471824259789876,0.9742120343839542,0.00411522633744856,0.9697903196533497,0.8017908187572313,53026,3143.0,66.3,2.6,25.7,1.2,24.2,1423880.0,22.073,0.0,85.0,165.0,11.0
55079019300,907,133100,0.86438809261301,2.985667034178611,1.1025358324145536,2763.0882028665933,5938.975744211687,0.8313120176405733,0.9702315325248071,0.0,0.9960379239920077,0.8531914321382988,60962,2723.0,82.4,2.6,11.8,0.5,23.3,883071.0,30.836,0.0,49.0,153.0,1.0
55079019400,691,155900,0.9131693198263386,3.0347322720694647,1.1693198263386397,3291.9261939218522,8298.580318379161,0.8350217076700435,0.9797395079594791,0.004145077720207254,0.940144336102313,0.6218028919157623,50139,4036.0,79.2,3.5,13.2,1.6,24.1,1302304.0,30.991,1.0,99.0,161.0,-10.0
55079019500,865,154500,0.8739884393063584,3.0670520231213874,1.145664739884393,3133.6820809248557,7849.871676300578,0.7815028901734105,0.976878612716763,0.0037418147801683817,0.9935892828225168,0.7581307253779207,71912,3520.0,83.0,0.0,11.8,1.0,19.6,1307585.0,26.92,0.0,83.0,145.0,-17.0
55079019600,860,149000,0.9244186046511628,2.9918604651162792,1.0790697674418606,3084.903488372093,7407.853488372093,0.8488372093023255,0.9953488372093023,0.0035746201966041107,0.9374222231954475,0.660166157755559,52353,3492.0,82.2,4.8,9.8,1.0,23.2,1303160.0,26.796,0.0,83.0,208.0,7.0
55079019700,1151,156800,0.9113814074717637,3.0799304952215465,1.1789748045178106,3290.947002606429,7963.822762814943,0.8905299739357081,0.9669852302345786,0.004062288422477996,0.9827508644382725,0.6854487008272694,65375,5505.0,77.2,0.5,18.1,3.3,24.9,1882753.0,29.239,0.0,110.0,239.0,12.0
55079019800,1372,134050,0.880466472303207,2.8877551020408165,1.0721574344023324,2620.866618075802,7120.680758017493,0.8002915451895044,0.9788629737609329,0.0022766078542970974,0.9384697015095389,0.7074305181073248,52083,5707.0,60.6,5.7,26.3,1.4,16.4,2062298.0,27.673,2.0,172.0,333.0,12.0
55079019900,961,133500,0.8876170655567117,2.9105098855359,1.0863683662851196,2783.219562955255,6844.191467221644,0.7950052029136316,0.9843912591050988,0.003451251078515962,0.9307869541540403,0.7558636024130672,48973,4009.0,63.2,6.3,24.2,3.1,21.5,1559388.0,25.709,0.0,80.0,163.0,-6.0
55079020000,515,130400,0.8310679611650486,2.848543689320388,1.1300970873786407,2959.831067961165,5518.3864077669905,0.7961165048543689,0.9611650485436893,0.006426735218508998,0.699232504652872,0.3981158153769649,32725,3493.0,46.7,13.3,30.9,5.3,14.9,1406760.0,24.83,2.0,277.0,1175.0,21.0
55079020100,561,113800,0.8787878787878788,2.71301247771836,1.089126559714795,2684.331550802139,4908.540106951872,0.6506238859180036,0.9714795008912656,0.006038647342995169,0.7965016662614142,0.5337672253008026,35260,3785.0,41.7,9.0,46.8,0.5,18.8,1901370.0,19.907,2.0,256.0,641.0,10.0
55079020200,821,114900,0.881851400730816,2.8477466504263096,1.092570036540804,2657.679658952497,5460.629719853837,0.7734470158343484,0.9756394640682094,0.002967359050445104,0.9275237190543012,0.7493507439056472,51250,3535.0,49.4,2.3,32.7,14.6,17.8,949816.0,37.218,0.0,110.0,400.0,0.0
55079020300,834,121750,0.8836930455635491,3.0107913669064748,1.130695443645084,2949.3800959232613,4888.348920863309,0.6079136690647482,0.9676258992805755,0.005823627287853577,0.9752409911994716,0.6450162461410335,47516,4160.0,45.4,1.3,47.4,4.8,16.6,1450957.0,28.671,2.0,111.0,524.0,-9.0
55079020400,369,101900,0.8617886178861789,3.254742547425474,1.1788617886178863,2979.127371273713,4092.512195121951,0.42276422764227645,0.8536585365853658,0.003968253968253968,0.8592967492440896,0.41694468086397557,46917,3531.0,23.2,3.2,65.6,5.4,10.0,489099.0,72.194,0.0,209.0,519.0,9.0
55079020500,380,100950,0.8368421052631579,3.2342105263157896,1.1368421052631579,2967.2552631578947,4320.015789473684,0.3868421052631579,0.8763157894736842,0.00411522633744856,0.9433755348102337,0.46538994610417106,38026,3079.0,26.3,0.1,66.8,3.6,8.5,477668.0,64.459,0.0,154.0,389.0,-22.0
55079020600,988,154200,0.8775303643724697,2.902834008097166,1.1477732793522266,2761.8795546558704,5714.275303643724,0.7277327935222672,0.9251012145748988,0.0029154518950437317,0.9624241787809459,0.7023249995946249,53409,3695.0,77.5,0.5,14.7,1.2,28.0,1326335.0,27.859,0.0,70.0,348.0,-4.0
55079020700,1326,150550,0.889894419306184,2.845399698340875,1.138763197586727,2702.289592760181,5446.044494720965,0.7737556561085973,0.9487179487179487,0.0023894862604540022,0.7979005775839814,0.6042156059471944,59536,4321.0,83.6,1.7,11.7,1.3,33.8,1777792.0,24.305,0.0,81.0,374.0,-5.0
55079020800,777,196500,0.8996138996138996,3.056628056628057,1.2715572715572716,2937.980694980695,4554.1634491634495,0.6537966537966537,0.8622908622908623,0.005084745762711864,0.9762668121095202,0.6157613981935092,65431,3329.0,85.1,0.9,7.4,2.5,49.7,899314.0,37.017,0.0,36.0,220.0,6.0
55079020900,751,144200,0.8961384820239681,3.0213049267643144,1.151797603195739,2852.1225033288947,7363.011984021305,0.7563249001331558,0.9307589880159787,0.004301075268817204,0.9637324396093884,0.7644994574838673,60201,2836.0,76.2,1.2,16.5,0.7,37.0,1011688.0,28.032,0.0,68.0,156.0,4.0
55079021000,708,145400,0.8968926553672316,2.9110169491525424,1.1666666666666667,2861.5861581920904,7028.704802259887,0.7655367231638418,0.96045197740113,0.0024096385542168677,0.9671637151607814,0.8264663841618926,57115,2293.0,74.7,3.3,17.0,1.8,30.0,1286089.0,17.829,0.0,43.0,108.0,1.0
55079021100,483,137600,0.8592132505175983,2.801242236024845,1.113871635610766,2657.4927536231885,5126.761904761905,0.7122153209109731,0.9565217391304348,0.0016556291390728477,0.9409650337691291,0.8011275724736503,56719,1405.0,78.8,0.4,15.4,0.0,29.7,642849.0,21.856,0.0,26.0,109.0,0.0
55079021200,427,136700,0.8594847775175644,2.791569086651054,1.0866510538641687,2745.911007025761,8700.941451990633,0.7096018735362998,0.9437939110070258,0.005050505050505051,0.6079109347769661,0.4725651190497302,49730,2346.0,72.8,2.3,18.0,4.0,16.4,1936900.0,12.112,0.0,62.0,212.0,12.0
55079021300,216,138300,0.8888888888888888,3.0324074074074074,1.0694444444444444,3031.9814814814813,7665.0787037037035,0.7685185185185185,0.9814814814814815,0.005194805194805195,0.7992006517445839,0.37467761756231965,41000,1699.0,58.4,16.4,19.8,0.9,17.5,1241810.0,13.682,0.0,47.0,152.0,9.0
55079021400,300,140250,0.8866666666666667,3.033333333333333,1.09,3130.3633333333332,8413.646666666667,0.7966666666666666,0.9833333333333333,0.003976143141153081,0.8307973882409054,0.35380625346842465,28388,3646.0,43.4,14.8,33.5,4.7,12.5,1282963.0,28.419,1.0,166.0,344.0,21.0
55079021500,879,158700,0.89419795221843,3.0887372013651877,1.2002275312855517,3518.5915813424344,8614.009101251422,0.782707622298066,0.987485779294653,0.0029910269192422734,0.946716588453332,0.8402274625247015,63603,3037.0,75.2,3.0,11.9,5.9,27.7,1291013.0,23.524,0.0,63.0,164.0,1.0
55079021600,761,160100,0.8948751642575559,3.1681997371879107,1.1944809461235217,3492.6123521682,9329.863337713536,0.7871222076215506,0.9868593955321945,0.004078857919782461,0.4434091567792557,0.316227172418585,45128,4933.0,64.8,0.3,22.9,8.3,16.0,3700277.0,13.331,0.0,134.0,492.0,18.0
55079021700,1664,149750,0.8701923076923077,3.058894230769231,1.1237980769230769,3301.028846153846,9850.942307692309,0.8161057692307693,0.9741586538461539,0.003330161750713606,0.753598791394748,0.6631335196607812,56184,6473.0,73.0,1.8,19.4,2.9,23.2,12770320.0,5.069,0.0,179.0,657.0,31.0
55079021800,452,148950,0.8893805309734514,3.02212389380531,1.0884955752212389,3129.597345132743,8666.325221238938,0.8207964601769911,0.9933628318584071,0.0035842293906810036,0.8822595458380169,0.6611583303926769,51350,2506.0,59.0,7.6,22.9,4.5,17.1,872800.0,28.712,0.0,54.0,111.0,-2.0
55079090200,6,225150,0.8333333333333334,3.5,1.8333333333333333,4618.5,8688.333333333334,1.0,1.0,0.0,1.0,1.0,82368,1926.0,78.9,8.5,2.3,8.5,57.9,3817170.0,5.046,0.0,0.0,1.0,0.0
55079110100,15,95000,0.8,2.8,1.0666666666666667,2508.8,4981.733333333334,0.5333333333333333,0.7333333333333333,0.0,0.4128270580727505,0.2401531589023612,35286,4200.0,48.7,17.3,29.9,2.9,19.6,2897237.0,14.497,0.0,5.0,20.0,-1.0
55079120300,2,139950,0.5,3.5,1.0,3361.5,7130.5,1.0,1.0,0.0,1.0,0.47738408009657035,60000,2102.0,75.1,3.3,20.0,0.0,29.4,885487.0,23.738,0.0,0.0,1.0,0.0
55079120400,5,138700,1.0,3.2,1.4,3025.4,5400.0,0.8,1.0,0.0,1.0,0.16097690752367777,55365,6810.0,73.5,4.7,14.9,2.5,23.3,4795004.0,14.202,0.0,12.0,12.0,-4.0
55079185400,150,23900,0.48,3.533333333333333,1.2466666666666666,2782.193333333333,4758.026666666667,0.22666666666666666,0.35333333333333333,0.035830618892508145,0.6095408672784226,0.21252858853240186,28750,1452.0,1.7,85.1,0.0,0.0,13.2,712840.0,20.369,2.0,406.0,414.0,-12.0
55079185500,153,49900,0.6339869281045751,3.3790849673202614,1.4509803921568627,3135.9411764705883,6429.313725490196,0.49673202614379086,0.5947712418300654,0.03409090909090909,0.6696991224644806,0.2508135251396911,21576,1790.0,0.3,97.3,0.4,0.2,9.7,883853.0,20.252,4.0,430.0,430.0,34.0
55079185600,182,158050,0.6703296703296703,3.258241758241758,1.5824175824175823,3679.197802197802,7915.263736263736,0.4945054945054945,0.5769230769230769,0.05555555555555555,0.5740672871256164,0.23372412194726935,29688,1628.0,26.7,64.0,4.2,0.0,30.6,676085.0,24.08,3.0,248.0,529.0,-17.0
55079185700,205,34700,0.5317073170731708,3.5170731707317073,1.170731707317073,2910.3024390243904,5493.878048780488,0.18048780487804877,0.3853658536585366,0.04477611940298507,0.8291781545139907,0.2380820692211888,20417,2037.0,4.2,82.7,4.3,0.0,10.3,669187.0,30.44,7.0,395.0,499.0,-46.0
55079185800,281,71200,0.7473309608540926,3.202846975088968,1.2348754448398576,2712.185053380783,5780.907473309609,0.42704626334519574,0.45195729537366547,0.01744186046511628,0.854485106052452,0.5285451145965679,40000,1449.0,1.7,92.2,4.1,1.4,12.7,439205.0,32.991,2.0,255.0,270.0,-15.0
55079185900,159,110000,0.7610062893081762,3.1949685534591197,1.610062893081761,3266.2704402515724,5782.075471698113,0.6226415094339622,0.6792452830188679,0.014005602240896359,0.8332489055896207,0.49081848287124896,32083,1065.0,8.5,68.5,0.0,22.0,22.0,482397.0,22.077,1.0,143.0,253.0,6.0
55079186000,63,49400,0.6031746031746031,3.0793650793650795,1.2380952380952381,2419.746031746032,3519.4444444444443,0.42857142857142855,0.2857142857142857,0.004975124378109453,0.4929327552711451,0.11827413057915873,15720,1550.0,10.8,81.4,3.5,0.3,15.3,582485.0,26.61,5.0,190.0,326.0,23.0
55079186100,122,49400,0.5409836065573771,3.4918032786885247,1.2540983606557377,3094.188524590164,4866.098360655737,0.18032786885245902,0.4426229508196721,0.04072398190045249,0.7976173473634026,0.19393460831467577,19375,2092.0,7.0,68.8,4.0,13.3,6.7,504580.0,41.46,1.0,336.0,422.0,17.0
55079186200,189,44700,0.7142857142857143,3.4126984126984126,1.1058201058201058,2718.3597883597886,7085.343915343916,0.5079365079365079,0.6137566137566137,0.029891304347826088,0.6832944626223901,0.49168498550602585,17946,1506.0,5.1,82.9,5.2,3.2,8.4,531348.0,28.343,1.0,177.0,306.0,-4.0
55079186500,143,75300,0.6643356643356644,3.125874125874126,1.1468531468531469,2693.097902097902,3518.7482517482517,0.16783216783216784,0.3356643356643357,0.01903367496339678,0.3619359488054374,0.09078543606537745,32188,1693.0,34.3,8.9,50.1,5.1,27.7,1220132.0,13.876,1.0,327.0,1210.0,-8.0
55079186600,170,67400,0.6352941176470588,2.9411764705882355,1.076470588235294,2403.8882352941177,3478.9764705882353,0.17058823529411765,0.3,0.034545454545454546,0.5038920646663848,0.16759233324160738,32847,2266.0,31.9,7.8,56.3,3.8,9.7,995251.0,22.768,2.0,276.0,354.0,20.0
55079186800,29,79000,0.5517241379310345,3.310344827586207,1.206896551724138,2916.1724137931033,4006.206896551724,0.2413793103448276,0.3103448275862069,0.026706231454005934,0.15753398875875826,0.011877912103253802,15081,1560.0,18.3,31.0,44.1,6.0,6.1,5722808.0,2.726,0.0,281.0,750.0,25.0
55079186900,4,863450,0.5,5.25,3.75,10741.0,11215.0,0.5,0.5,0.0,0.8384431752671454,0.023747237070540304,53345,2353.0,84.8,3.2,1.9,8.1,72.3,427986.0,54.978,0.0,16.0,193.0,-2.0
55079187000,42,448900,0.7857142857142857,4.857142857142857,2.5952380952380953,5824.0,5890.166666666667,0.40476190476190477,0.5952380952380952,0.003067484662576687,0.796624755714765,0.06231690549361858,58186,3466.0,80.8,4.7,6.4,3.0,67.8,359241.0,96.481,1.0,64.0,614.0,-13.0
