STATEFP,COUNTYFP,TRACTCE,GEOID,NAME,NAMELSAD,MTFCC,FUNCSTAT,ALAND,AWATER,INTPTLAT,INTPTLON
"55","079","186900","55079186900","1869",Census Tract 1869,G5020,S,"427986","0","+43.0558068","-087.8828148"
"55","079","187300","55079187300","1873",Census Tract 1873,G5020,S,"7800892","0","+42.8871589","-087.9656303"
"55","079","160203","55079160203","1602.03",Census Tract 1602.03,G5020,S,"9057633","0","+42.8940293","-087.9163893"
"55","079","000102","55079000102","1.02",Census Tract 1.02,G5020,S,"6508343","0","+43.1646443","-088.0116792"
"55","079","120101","55079120101","1201.01",Census Tract 1201.01,G5020,S,"5350523","14778","+42.9603465","-088.0485651"
"55","079","150303","55079150303","1503.03",Census Tract 1503.03,G5020,S,"6642250","0","+42.8895991","-088.0231193"
"55","079","018000","55079018000","180",Census Tract 180,G5020,S,"2827359","1966543","+43.0113856","-087.8950353"
"55","079","120102","55079120102","1201.02",Census Tract 1201.02,G5020,S,"5220287","0","+42.9740977","-088.0496680"
"55","079","150304","55079150304","1503.04",Census Tract 1503.04,G5020,S,"6944143","125034","+42.9124717","-088.0340939"
"55","079","160204","55079160204","1602.04",Census Tract 1602.04,G5020,S,"5107373","0","+42.8797004","-087.9317945"
"55","079","185600","55079185600","1856",Census Tract 1856,G5020,S,"676085","0","+43.0602672","-087.9146907"
"55","079","186000","55079186000","1860",Census Tract 1860,G5020,S,"582485","0","+43.0539570","-087.9203985"
"55","079","185500","55079185500","1855",Census Tract 1855,G5020,S,"883853","0","+43.0601763","-087.9262488"
"55","079","185900","55079185900","1859",Census Tract 1859,G5020,S,"482397","0","+43.0538377","-087.9322917"
"55","079","185400","55079185400","1854",Census Tract 1854,G5020,S,"712840","0","+43.0602355","-087.9376894"
"55","079","185800","55079185800","1858",Census Tract 1858,G5020,S,"439205","0","+43.0538684","-087.9426517"
"55","079","186200","55079186200","1862",Census Tract 1862,G5020,S,"531348","0","+43.0485661","-087.9324481"
"55","079","186400","55079186400","1864",Census Tract 1864,G5020,S,"762838","0","+43.0369528","-087.9303891"
"55","079","186600","55079186600","1866",Census Tract 1866,G5020,S,"995251","23968","+43.0005739","-087.9132230"
"55","079","186500","55079186500","1865",Census Tract 1865,G5020,S,"1220132","89160","+43.0226856","-087.9133326"
"55","079","003600","55079003600","36",Census Tract 36,G5020,S,"1007039","0","+43.0927362","-087.9832113"
"55","079","018500","55079018500","185",Census Tract 185,G5020,S,"1876099","0","+42.9844186","-087.9143974"
"55","079","016200","55079016200","162",Census Tract 162,G5020,S,"463873","0","+43.0166058","-087.9474509"
"55","079","018700","55079018700","187",Census Tract 187,G5020,S,"489660","0","+42.9955832","-087.9299143"
"55","079","018800","55079018800","188",Census Tract 188,G5020,S,"932629","0","+42.9992964","-087.9405839"
"55","079","018900","55079018900","189",Census Tract 189,G5020,S,"620050","0","+42.9956541","-087.9532321"
"55","079","019000","55079019000","190",Census Tract 190,G5020,S,"2467492","31918","+42.9947531","-087.9684245"
"55","079","019100","55079019100","191",Census Tract 191,G5020,S,"1564713","0","+42.9821673","-087.9654936"
"55","079","016500","55079016500","165",Census Tract 165,G5020,S,"1063064","83484","+43.0151014","-087.9118913"
"55","079","016600","55079016600","166",Census Tract 166,G5020,S,"603886","36711","+43.0097292","-087.9132702"
"55","079","016700","55079016700","167",Census Tract 167,G5020,S,"486175","0","+43.0103011","-087.9220952"
"55","079","016800","55079016800","168",Census Tract 168,G5020,S,"526168","0","+43.0103604","-087.9293500"
"55","079","017000","55079017000","170",Census Tract 170,G5020,S,"705661","0","+43.0104184","-087.9475260"
"55","079","016300","55079016300","163",Census Tract 163,G5020,S,"561000","0","+43.0157271","-087.9376406"
"55","079","016400","55079016400","164",Census Tract 164,G5020,S,"465409","0","+43.0166594","-087.9277760"
"55","079","015900","55079015900","159",Census Tract 159,G5020,S,"471510","0","+43.0215967","-087.9473669"
"55","079","015800","55079015800","158",Census Tract 158,G5020,S,"428632","0","+43.0216594","-087.9376164"
"55","079","016100","55079016100","161",Census Tract 161,G5020,S,"594267","0","+43.0160899","-087.9594660"
"55","079","019800","55079019800","198",Census Tract 198,G5020,S,"2062298","0","+42.9820787","-087.9897334"
"55","079","020000","55079020000","200",Census Tract 200,G5020,S,"1406760","0","+42.9840533","-087.9527360"
"55","079","091400","55079091400","914",Census Tract 914,G5020,S,"806227","0","+43.0403159","-087.9938467"
"55","079","019700","55079019700","197",Census Tract 197,G5020,S,"1882753","0","+42.9757082","-088.0074182"
"55","079","186100","55079186100","1861",Census Tract 1861,G5020,S,"504580","0","+43.0486524","-087.9427932"
"55","079","186300","55079186300","1863",Census Tract 1863,G5020,S,"1191314","36196","+43.0408345","-087.9174905"
"55","079","185300","55079185300","1853",Census Tract 1853,G5020,S,"7311217","0","+43.0498748","-088.0426455"
"55","079","060101","55079060101","601.01",Census Tract 601.01,G5020,S,"4278285","89601","+43.1391143","-087.9259897"
"55","079","186800","55079186800","1868",Census Tract 1868,G5020,S,"5722808","0","+43.0281598","-087.9506689"
"55","079","185700","55079185700","1857",Census Tract 1857,G5020,S,"669187","0","+43.0675258","-087.9147121"
"55","079","017100","55079017100","171",Census Tract 171,G5020,S,"675647","0","+43.0105728","-087.9580700"
"55","079","018100","55079018100","181",Census Tract 181,G5020,S,"579401","593813","+42.9982239","-087.8855538"
"55","079","021800","55079021800","218",Census Tract 218,G5020,S,"872800","0","+42.9407958","-087.9569493"
"55","079","035200","55079035200","352",Census Tract 352,G5020,S,"3864495","0","+43.1601219","-087.9070741"
"55","079","020300","55079020300","203",Census Tract 203,G5020,S,"1450957","0","+42.9792426","-087.9265896"
"55","079","020400","55079020400","204",Census Tract 204,G5020,S,"489099","0","+42.9883400","-087.9300853"
"55","079","020500","55079020500","205",Census Tract 205,G5020,S,"477668","0","+42.9883214","-087.9227237"
"55","079","020600","55079020600","206",Census Tract 206,G5020,S,"1326335","0","+42.9810335","-087.9044429"
"55","079","020700","55079020700","207",Census Tract 207,G5020,S,"1777792","0","+42.9803925","-087.8928284"
"55","079","020800","55079020800","208",Census Tract 208,G5020,S,"899314","211906","+42.9855605","-087.8765247"
"55","079","020900","55079020900","209",Census Tract 209,G5020,S,"1011688","0","+42.9701335","-087.9018627"
"55","079","021000","55079021000","210",Census Tract 210,G5020,S,"1286089","0","+42.9627392","-087.8999346"
"55","079","021100","55079021100","211",Census Tract 211,G5020,S,"642849","0","+42.9701493","-087.9144456"
"55","079","050101","55079050101","501.01",Census Tract 501.01,G5020,S,"4896030","0","+43.1768173","-087.9849329"
"55","079","070100","55079070100","701",Census Tract 701,G5020,S,"1609646","0","+43.1206277","-087.9076579"
"55","079","070300","55079070300","703",Census Tract 703,G5020,S,"1280683","0","+43.1063142","-087.9037997"
"55","079","080100","55079080100","801",Census Tract 801,G5020,S,"996171","0","+43.0955479","-087.8977397"
"55","079","080200","55079080200","802",Census Tract 802,G5020,S,"881854","0","+43.0942490","-087.8877390"
"55","079","080300","55079080300","803",Census Tract 803,G5020,S,"1491398","946432","+43.0903476","-087.8754811"
"55","079","021200","55079021200","212",Census Tract 212,G5020,S,"1936900","0","+42.9652843","-087.9210106"
"55","079","021300","55079021300","213",Census Tract 213,G5020,S,"1241810","37233","+42.9708698","-087.9385222"
"55","079","021400","55079021400","214",Census Tract 214,G5020,S,"1282963","0","+42.9629590","-087.9389171"
"55","079","021500","55079021500","215",Census Tract 215,G5020,S,"1291013","0","+42.9520983","-087.9439825"
"55","079","021600","55079021600","216",Census Tract 216,G5020,S,"3700277","0","+42.9522513","-087.9248849"
"55","079","080400","55079080400","804",Census Tract 804,G5020,S,"747723","0","+43.0859404","-087.8884888"
"55","079","090200","55079090200","902",Census Tract 902,G5020,S,"3817170","9179","+43.0824261","-088.0522017"
"55","079","090300","55079090300","903",Census Tract 903,G5020,S,"4023857","0","+43.0673897","-088.0515817"
"55","079","090600","55079090600","906",Census Tract 906,G5020,S,"3070533","377","+43.0369557","-088.0545528"
"55","079","090700","55079090700","907",Census Tract 907,G5020,S,"1804120","0","+43.0591936","-088.0254535"
"55","079","090800","55079090800","908",Census Tract 908,G5020,S,"786985","0","+43.0630722","-088.0175484"
"55","079","090900","55079090900","909",Census Tract 909,G5020,S,"1228446","0","+43.0600218","-087.9940185"
"55","079","091000","55079091000","910",Census Tract 910,G5020,S,"1103928","0","+43.0643330","-087.9970567"
"55","079","091100","55079091100","911",Census Tract 911,G5020,S,"1721772","0","+43.0549381","-088.0038186"
"55","079","091300","55079091300","913",Census Tract 913,G5020,S,"1720756","0","+43.0378684","-088.0097521"
"55","079","100700","55079100700","1007",Census Tract 1007,G5020,S,"1690877","0","+43.0213025","-088.0378862"
"55","079","100800","55079100800","1008",Census Tract 1008,G5020,S,"2618048","14646","+43.0227776","-088.0546054"
"55","079","100900","55079100900","1009",Census Tract 1009,G5020,S,"3771564","30353","+43.0091773","-088.0518209"
"55","079","101000","55079101000","1010",Census Tract 1010,G5020,S,"4169749","0","+42.9917389","-088.0576446"
"55","079","101100","55079101100","1011",Census Tract 1011,G5020,S,"1347710","0","+42.9942090","-088.0427675"
"55","079","101300","55079101300","1013",Census Tract 1013,G5020,S,"1355858","0","+42.9990775","-088.0276968"
"55","079","101400","55079101400","1014",Census Tract 1014,G5020,S,"1346058","0","+43.0063153","-088.0273554"
"55","079","101500","55079101500","1015",Census Tract 1015,G5020,S,"1047984","0","+43.0071268","-088.0074760"
"55","079","101600","55079101600","1016",Census Tract 1016,G5020,S,"1458220","0","+43.0031090","-087.9888205"
"55","079","101700","55079101700","1017",Census Tract 1017,G5020,S,"932627","0","+43.0017345","-088.0069719"
"55","079","101800","55079101800","1018",Census Tract 1018,G5020,S,"1517628","15790","+42.9937986","-088.0093865"
"55","079","101200","55079101200","1012",Census Tract 1012,G5020,S,"1343087","0","+42.9918022","-088.0277290"
"55","079","010800","55079010800","108",Census Tract 108,G5020,S,"324635","0","+43.0573383","-087.8898619"
"55","079","011000","55079011000","110",Census Tract 110,G5020,S,"278149","0","+43.0500535","-087.8972725"
"55","079","011100","55079011100","111",Census Tract 111,G5020,S,"247935","0","+43.0493392","-087.9015596"
"55","079","011200","55079011200","112",Census Tract 112,G5020,S,"364075","46241","+43.0551222","-087.8974218"
"55","079","010700","55079010700","107",Census Tract 107,G5020,S,"575044","37457","+43.0607391","-087.9019083"
"55","079","011300","55079011300","113",Census Tract 113,G5020,S,"433646","37538","+43.0487688","-087.9066295"
"55","079","011400","55079011400","114",Census Tract 114,G5020,S,"512182","39102","+43.0531715","-087.9105225"
"55","079","008600","55079008600","86",Census Tract 86,G5020,S,"302060","0","+43.0676216","-087.9351787"
"55","079","008700","55079008700","87",Census Tract 87,G5020,S,"329240","0","+43.0678143","-087.9399712"
"55","079","008800","55079008800","88",Census Tract 88,G5020,S,"490331","0","+43.0678886","-087.9461708"
"55","079","008400","55079008400","84",Census Tract 84,G5020,S,"456634","0","+43.0675830","-087.9233258"
"55","079","008500","55079008500","85",Census Tract 85,G5020,S,"398854","0","+43.0677612","-087.9298715"
"55","079","008900","55079008900","89",Census Tract 89,G5020,S,"596895","0","+43.0670633","-087.9533782"
"55","079","009000","55079009000","90",Census Tract 90,G5020,S,"503057","0","+43.0603558","-087.9610838"
"55","079","009100","55079009100","91",Census Tract 91,G5020,S,"508698","0","+43.0606754","-087.9685281"
"55","079","009200","55079009200","92",Census Tract 92,G5020,S,"407897","0","+43.0606901","-087.9756047"
"55","079","012200","55079012200","122",Census Tract 122,G5020,S,"498543","0","+43.0486666","-087.9527110"
"55","079","012300","55079012300","123",Census Tract 123,G5020,S,"769185","0","+43.0435990","-087.9619675"
"55","079","012400","55079012400","124",Census Tract 124,G5020,S,"1319343","0","+43.0458014","-087.9768396"
"55","079","012500","55079012500","125",Census Tract 125,G5020,S,"1819625","0","+43.0370910","-087.9765489"
"55","079","187400","55079187400","1874",Census Tract 1874,G5020,S,"1579702","140198","+43.0320245","-087.9081371"
"55","079","009300","55079009300","93",Census Tract 93,G5020,S,"570525","0","+43.0607460","-087.9831452"
"55","079","009400","55079009400","94",Census Tract 94,G5020,S,"604150","0","+43.0533479","-087.9830957"
"55","079","009600","55079009600","96",Census Tract 96,G5020,S,"998561","38422","+43.0534049","-087.9671530"
"55","079","012600","55079012600","126",Census Tract 126,G5020,S,"787676","0","+43.0340375","-087.9944251"
"55","079","012700","55079012700","127",Census Tract 127,G5020,S,"1013138","0","+43.0296776","-088.0122782"
"55","079","012800","55079012800","128",Census Tract 128,G5020,S,"2709467","19352","+43.0315043","-088.0307141"
"55","079","012900","55079012900","129",Census Tract 129,G5020,S,"1057403","0","+43.0281367","-087.9998916"
"55","079","013000","55079013000","130",Census Tract 130,G5020,S,"643810","0","+43.0277032","-087.9876701"
"55","079","013300","55079013300","133",Census Tract 133,G5020,S,"596295","0","+43.0348359","-087.9620643"
"55","079","009700","55079009700","97",Census Tract 97,G5020,S,"446217","0","+43.0539395","-087.9526212"
"55","079","009800","55079009800","98",Census Tract 98,G5020,S,"440162","0","+43.0597780","-087.9540957"
"55","079","009900","55079009900","99",Census Tract 99,G5020,S,"516294","0","+43.0602744","-087.9463027"
"55","079","013700","55079013700","137",Census Tract 137,G5020,S,"315492","0","+43.0422991","-087.9452951"
"55","079","014100","55079014100","141",Census Tract 141,G5020,S,"665062","0","+43.0486357","-087.9209727"
"55","079","014300","55079014300","143",Census Tract 143,G5020,S,"251193","0","+43.0427314","-087.9010154"
"55","079","014400","55079014400","144",Census Tract 144,G5020,S,"559472","28270","+43.0429933","-087.9076276"
"55","079","013600","55079013600","136",Census Tract 136,G5020,S,"390900","0","+43.0436955","-087.9527512"
"55","079","014600","55079014600","146",Census Tract 146,G5020,S,"404414","0","+43.0423784","-087.9303260"
"55","079","014700","55079014700","147",Census Tract 147,G5020,S,"269497","0","+43.0422008","-087.9355134"
"55","079","014800","55079014800","148",Census Tract 148,G5020,S,"342213","0","+43.0421256","-087.9402036"
"55","079","014900","55079014900","149",Census Tract 149,G5020,S,"356628","0","+43.0370444","-087.9448183"
"55","079","004000","55079004000","40",Census Tract 40,G5020,S,"644027","0","+43.0934230","-087.9720585"
"55","079","004100","55079004100","41",Census Tract 41,G5020,S,"1440204","0","+43.0940908","-087.9568115"
"55","079","004200","55079004200","42",Census Tract 42,G5020,S,"689738","0","+43.0951653","-087.9454476"
"55","079","004300","55079004300","43",Census Tract 43,G5020,S,"1988156","0","+43.0947993","-087.9322080"
"55","079","004700","55079004700","47",Census Tract 47,G5020,S,"1436944","0","+43.0857679","-087.9476057"
"55","079","004800","55079004800","48",Census Tract 48,G5020,S,"994701","0","+43.0770352","-087.9623160"
"55","079","004900","55079004900","49",Census Tract 49,G5020,S,"987988","0","+43.0770613","-087.9723152"
"55","079","005000","55079005000","50",Census Tract 50,G5020,S,"1140724","0","+43.0766513","-087.9832762"
"55","079","005100","55079005100","51",Census Tract 51,G5020,S,"2417228","0","+43.0826186","-087.9975769"
"55","079","005200","55079005200","52",Census Tract 52,G5020,S,"680560","0","+43.0862279","-088.0124257"
"55","079","005300","55079005300","53",Census Tract 53,G5020,S,"670708","0","+43.0789228","-088.0124273"
"55","079","005500","55079005500","55",Census Tract 55,G5020,S,"1283947","0","+43.0823690","-088.0328465"
"55","079","005600","55079005600","56",Census Tract 56,G5020,S,"1236487","0","+43.0710506","-088.0275889"
"55","079","005700","55079005700","57",Census Tract 57,G5020,S,"796887","0","+43.0713881","-088.0130983"
"55","079","005800","55079005800","58",Census Tract 58,G5020,S,"1012042","0","+43.0723034","-087.9999461"
"55","079","006000","55079006000","60",Census Tract 60,G5020,S,"414269","0","+43.0679479","-087.9755401"
"55","079","005400","55079005400","54",Census Tract 54,G5020,S,"1339688","0","+43.0824435","-088.0225961"
"55","079","006100","55079006100","61",Census Tract 61,G5020,S,"520490","0","+43.0679124","-087.9684751"
"55","079","006200","55079006200","62",Census Tract 62,G5020,S,"470068","0","+43.0679027","-087.9609713"
"55","079","006300","55079006300","63",Census Tract 63,G5020,S,"870622","0","+43.0763527","-087.9522912"
"55","079","006400","55079006400","64",Census Tract 64,G5020,S,"488483","0","+43.0742180","-087.9423479"
"55","079","006600","55079006600","66",Census Tract 66,G5020,S,"944299","0","+43.0753991","-087.9313520"
"55","079","006700","55079006700","67",Census Tract 67,G5020,S,"403857","0","+43.0743782","-087.9204041"
"55","079","006800","55079006800","68",Census Tract 68,G5020,S,"597800","0","+43.0796834","-087.9250021"
"55","079","006900","55079006900","69",Census Tract 69,G5020,S,"503376","0","+43.0797954","-087.9107818"
"55","079","007200","55079007200","72",Census Tract 72,G5020,S,"813653","31817","+43.0774377","-087.8983235"
"55","079","007300","55079007300","73",Census Tract 73,G5020,S,"661434","37658","+43.0785487","-087.8883670"
"55","079","006500","55079006500","65",Census Tract 65,G5020,S,"501873","0","+43.0797331","-087.9422946"
"55","079","007400","55079007400","74",Census Tract 74,G5020,S,"913229","476790","+43.0777349","-087.8704971"
"55","079","007500","55079007500","75",Census Tract 75,G5020,S,"690878","0","+43.0710613","-087.8777247"
"55","079","007600","55079007600","76",Census Tract 76,G5020,S,"578926","0","+43.0639981","-087.8785959"
"55","079","003700","55079003700","37",Census Tract 37,G5020,S,"635345","0","+43.0854604","-087.9833638"
"55","079","003800","55079003800","38",Census Tract 38,G5020,S,"658637","0","+43.0861878","-087.9721536"
"55","079","003900","55079003900","39",Census Tract 39,G5020,S,"663809","0","+43.0861722","-087.9621516"
"55","079","007800","55079007800","78",Census Tract 78,G5020,S,"639253","11000","+43.0705452","-087.8885427"
"55","079","007900","55079007900","79",Census Tract 79,G5020,S,"513147","37696","+43.0663041","-087.8958654"
"55","079","008000","55079008000","80",Census Tract 80,G5020,S,"326024","0","+43.0674802","-087.9028298"
"55","079","007700","55079007700","77",Census Tract 77,G5020,S,"674118","34237","+43.0649318","-087.8886201"
"55","079","008100","55079008100","81",Census Tract 81,G5020,S,"278881","0","+43.0674717","-087.9074384"
"55","079","010600","55079010600","106",Census Tract 106,G5020,S,"290784","0","+43.0601361","-087.9074988"
"55","079","000101","55079000101","1.01",Census Tract 1.01,G5020,S,"3817688","168402","+43.1820632","-088.0100300"
"55","079","187200","55079187200","1872",Census Tract 1872,G5020,S,"38891258","7794","+42.8672363","-088.0033793"
"55","079","170700","55079170700","1707",Census Tract 1707,G5020,S,"1397170","808253","+42.8999300","-087.8488941"
"55","079","170100","55079170100","1701",Census Tract 1701,G5020,S,"3594982","1343497","+42.9156312","-087.8465561"
"55","079","160300","55079160300","1603",Census Tract 1603,G5020,S,"31073862","1913347","+42.8568651","-087.8904253"
"55","079","160202","55079160202","1602.02",Census Tract 1602.02,G5020,S,"11476535","1137260","+42.8822538","-087.8717683"
"55","079","070200","55079070200","702",Census Tract 702,G5020,S,"2587121","2069357","+43.1141995","-087.8945196"
"55","079","980000","55079980000","9800",Census Tract 9800,G5020,S,"2026818","4018925","+43.0468844","-087.8896656"
"55","079","060102","55079060102","601.02",Census Tract 601.02,G5020,S,"3023039","0","+43.1486555","-087.9397577"
"55","079","187000","55079187000","1870",Census Tract 1870,G5020,S,"359241","0","+43.0553060","-087.8872851"
"55","079","018600","55079018600","186",Census Tract 186,G5020,S,"478342","0","+42.9955754","-087.9225565"
"55","079","003500","55079003500","35",Census Tract 35,G5020,S,"1170743","0","+43.0935937","-087.9983009"
"55","079","017900","55079017900","179",Census Tract 179,G5020,S,"613067","0","+42.9987725","-087.9050332"
"55","079","017300","55079017300","173",Census Tract 173,G5020,S,"511004","0","+43.0036525","-087.9487721"
"55","079","017200","55079017200","172",Census Tract 172,G5020,S,"485608","0","+43.0028945","-087.9561902"
"55","079","017400","55079017400","174",Census Tract 174,G5020,S,"326540","0","+43.0047662","-087.9382984"
"55","079","017500","55079017500","175",Census Tract 175,G5020,S,"488635","0","+43.0028744","-087.9296512"
"55","079","017600","55079017600","176",Census Tract 176,G5020,S,"471588","0","+43.0028087","-087.9223606"
"55","079","018200","55079018200","182",Census Tract 182,G5020,S,"557513","1358151","+42.9891585","-087.8739272"
"55","079","019200","55079019200","192",Census Tract 192,G5020,S,"1423880","0","+42.9928271","-087.9858353"
"55","079","019400","55079019400","194",Census Tract 194,G5020,S,"1302304","0","+42.9845778","-088.0275565"
"55","079","019500","55079019500","195",Census Tract 195,G5020,S,"1307585","0","+42.9773249","-088.0276980"
"55","079","100100","55079100100","1001",Census Tract 1001,G5020,S,"859792","0","+43.0165987","-087.9859863"
"55","079","100200","55079100200","1002",Census Tract 1002,G5020,S,"1965666","0","+43.0146091","-087.9913786"
"55","079","100300","55079100300","1003",Census Tract 1003,G5020,S,"779872","0","+43.0173449","-088.0031715"
"55","079","110100","55079110100","1101",Census Tract 1101,G5020,S,"2897237","0","+43.0124371","-087.9709843"
"55","079","019600","55079019600","196",Census Tract 196,G5020,S,"1303160","0","+42.9846573","-088.0076967"
"55","079","100500","55079100500","1005",Census Tract 1005,G5020,S,"1134098","0","+43.0132667","-088.0267469"
"55","079","120201","55079120201","1202.01",Census Tract 1202.01,G5020,S,"1859556","0","+42.9673798","-088.0186897"
"55","079","120202","55079120202","1202.02",Census Tract 1202.02,G5020,S,"1788683","0","+42.9658512","-087.9986798"
"55","079","120203","55079120203","1202.03",Census Tract 1202.03,G5020,S,"3235327","0","+42.9569488","-088.0077655"
"55","079","120300","55079120300","1203",Census Tract 1203,G5020,S,"885487","0","+42.9809141","-087.9737620"
"55","079","120501","55079120501","1205.01",Census Tract 1205.01,G5020,S,"2604601","0","+42.9407281","-087.9668114"
"55","079","120502","55079120502","1205.02",Census Tract 1205.02,G5020,S,"4060903","0","+42.9530459","-087.9651063"
"55","079","130100","55079130100","1301",Census Tract 1301,G5020,S,"5495498","0","+42.9427509","-088.0440775"
"55","079","130200","55079130200","1302",Census Tract 1302,G5020,S,"2779881","16321","+42.9390168","-088.0627571"
"55","079","140100","55079140100","1401",Census Tract 1401,G5020,S,"5650339","0","+42.9374445","-088.0188637"
"55","079","140201","55079140201","1402.01",Census Tract 1402.01,G5020,S,"4655063","0","+42.9390173","-087.9991195"
"55","079","001300","55079001300","13",Census Tract 13,G5020,S,"1975490","0","+43.1267833","-087.9984335"
"55","079","001400","55079001400","14",Census Tract 14,G5020,S,"1111246","0","+43.1309011","-088.0165698"
"55","079","001500","55079001500","15",Census Tract 15,G5020,S,"1484774","0","+43.1237541","-088.0152015"
"55","079","001600","55079001600","16",Census Tract 16,G5020,S,"1318150","0","+43.1158865","-088.0159967"
"55","079","140202","55079140202","1402.02",Census Tract 1402.02,G5020,S,"4110680","22101","+42.9344488","-087.9795420"
"55","079","150100","55079150100","1501",Census Tract 1501,G5020,S,"13308547","87446","+42.9141429","-087.9783700"
"55","079","150301","55079150301","1503.01",Census Tract 1503.01,G5020,S,"15960700","51679","+42.8884324","-088.0525390"
"55","079","001700","55079001700","17",Census Tract 17,G5020,S,"1324195","0","+43.1085590","-088.0162122"
"55","079","001800","55079001800","18",Census Tract 18,G5020,S,"985103","0","+43.1158473","-087.9985379"
"55","079","001900","55079001900","19",Census Tract 19,G5020,S,"979287","0","+43.1156863","-087.9836742"
"55","079","002000","55079002000","20",Census Tract 20,G5020,S,"1061522","17008","+43.1147217","-087.9682901"
"55","079","002100","55079002100","21",Census Tract 21,G5020,S,"898165","0","+43.1155296","-087.9531572"
"55","079","002300","55079002300","23",Census Tract 23,G5020,S,"1843973","0","+43.1059861","-087.9362168"
"55","079","002400","55079002400","24",Census Tract 24,G5020,S,"1160276","0","+43.1064042","-087.9518861"
"55","079","002600","55079002600","26",Census Tract 26,G5020,S,"698838","0","+43.1006742","-087.9619284"
"55","079","002700","55079002700","27",Census Tract 27,G5020,S,"686385","0","+43.1008252","-087.9717669"
"55","079","002800","55079002800","28",Census Tract 28,G5020,S,"657400","0","+43.1083062","-087.9714196"
"55","079","003000","55079003000","30",Census Tract 30,G5020,S,"1312377","0","+43.1085104","-087.9961906"
"55","079","003100","55079003100","31",Census Tract 31,G5020,S,"1253608","0","+43.1009177","-087.9860702"
"55","079","170500","55079170500","1705",Census Tract 1705,G5020,S,"883042","0","+42.8976029","-087.8576476"
"55","079","170600","55079170600","1706",Census Tract 1706,G5020,S,"1488573","0","+42.9077239","-087.8632093"
"55","079","180200","55079180200","1802",Census Tract 1802,G5020,S,"1136517","0","+42.9546545","-087.8550699"
"55","079","180300","55079180300","1803",Census Tract 1803,G5020,S,"3829474","0","+42.9518886","-087.8700624"
"55","079","180400","55079180400","1804",Census Tract 1804,G5020,S,"1668136","0","+42.9370919","-087.8563359"
"55","079","180500","55079180500","1805",Census Tract 1805,G5020,S,"3122034","0","+42.9372589","-087.8747154"
"55","079","185100","55079185100","1851",Census Tract 1851,G5020,S,"3637750","1743032","+42.9787934","-087.8684313"
"55","079","185200","55079185200","1852",Census Tract 1852,G5020,S,"3022385","0","+42.9676726","-087.8819379"
"55","079","000304","55079000304","3.04",Census Tract 3.04,G5020,S,"3358553","0","+43.1436410","-088.0264463"
"55","079","170200","55079170200","1702",Census Tract 1702,G5020,S,"2298177","0","+42.9227536","-087.8726368"
"55","079","007100","55079007100","71",Census Tract 71,G5020,S,"367622","0","+43.0738357","-087.9014958"
"55","079","002900","55079002900","29",Census Tract 29,G5020,S,"656552","0","+43.1083412","-087.9813189"
"55","079","040100","55079040100","401",Census Tract 401,G5020,S,"13351767","452717","+43.1734798","-087.9338487"
"55","079","020100","55079020100","201",Census Tract 201,G5020,S,"1901370","0","+42.9884823","-087.9409967"
"55","079","000202","55079000202","2.02",Census Tract 2.02,G5020,S,"7881718","567","+43.1609997","-088.0382587"
"55","079","013500","55079013500","135",Census Tract 135,G5020,S,"253343","0","+43.0401476","-087.9526122"
"55","079","015700","55079015700","157",Census Tract 157,G5020,S,"486613","0","+43.0216636","-087.9277714"
"55","079","000400","55079000400","4",Census Tract 4,G5020,S,"2413767","447","+43.1136896","-088.0525138"
"55","079","000501","55079000501","5.01",Census Tract 5.01,G5020,S,"4048371","0","+43.1153922","-088.0434008"
"55","079","000502","55079000502","5.02",Census Tract 5.02,G5020,S,"1783312","0","+43.1248060","-088.0312873"
"55","079","000600","55079000600","6",Census Tract 6,G5020,S,"3885132","0","+43.1401032","-088.0019062"
"55","079","000700","55079000700","7",Census Tract 7,G5020,S,"3907613","10362","+43.1525002","-087.9950511"
"55","079","000800","55079000800","8",Census Tract 8,G5020,S,"3036947","0","+43.1406496","-087.9737273"
"55","079","019900","55079019900","199",Census Tract 199,G5020,S,"1559388","0","+42.9731777","-087.9823570"
"55","079","030100","55079030100","301",Census Tract 301,G5020,S,"5955561","1323427","+43.1823795","-087.8977108"
"55","079","091200","55079091200","912",Census Tract 912,G5020,S,"2364749","0","+43.0467095","-088.0039098"
"55","079","002200","55079002200","22",Census Tract 22,G5020,S,"1138519","3717","+43.1147549","-087.9301481"
"55","079","090100","55079090100","901",Census Tract 901,G5020,S,"4521327","0","+43.0973238","-088.0483749"
"55","079","170400","55079170400","1704",Census Tract 1704,G5020,S,"1561093","0","+42.8984825","-087.8734268"
"55","079","004600","55079004600","46",Census Tract 46,G5020,S,"683594","0","+43.0856905","-087.9321086"
"55","079","019300","55079019300","193",Census Tract 193,G5020,S,"883071","0","+42.9949738","-087.9961365"
"55","079","016900","55079016900","169",Census Tract 169,G5020,S,"477616","0","+43.0095191","-087.9377079"
"55","079","020200","55079020200","202",Census Tract 202,G5020,S,"949816","0","+42.9775276","-087.9411250"
"55","079","060200","55079060200","602",Census Tract 602,G5020,S,"7631599","427104","+43.1011310","-087.9174318"
"55","079","100600","55079100600","1006",Census Tract 1006,G5020,S,"692338","0","+43.0203525","-088.0223755"
"55","079","000900","55079000900","9",Census Tract 9,G5020,S,"3476722","31259","+43.1518387","-087.9569545"
"55","079","003200","55079003200","32",Census Tract 32,G5020,S,"813096","0","+43.1011585","-088.0011119"
"55","079","003300","55079003300","33",Census Tract 33,G5020,S,"1472801","0","+43.1010409","-088.0173067"
"55","079","018300","55079018300","183",Census Tract 183,G5020,S,"672430","0","+42.9913542","-087.8928579"
"55","079","018400","55079018400","184",Census Tract 184,G5020,S,"714703","16275","+42.9905495","-087.9024606"
"55","079","180100","55079180100","1801",Census Tract 1801,G5020,S,"2602376","1884511","+42.9457649","-087.8469696"
"55","079","000201","55079000201","2.01",Census Tract 2.01,G5020,S,"7910371","102","+43.1866246","-088.0512999"
"55","079","000301","55079000301","3.01",Census Tract 3.01,G5020,S,"1985210","1761","+43.1361484","-088.0617334"
"55","079","000302","55079000302","3.02",Census Tract 3.02,G5020,S,"1836833","0","+43.1392272","-088.0465034"
"55","079","000303","55079000303","3.03",Census Tract 3.03,G5020,S,"1595757","0","+43.1296853","-088.0458825"
"55","079","002500","55079002500","25",Census Tract 25,G5020,S,"552564","0","+43.1079573","-087.9621804"
"55","079","990000","55079990000","9900",Census Tract 9900,G5020,S,"0","2428866695","+43.0176628","-087.4778271"
"55","079","100400","55079100400","1004",Census Tract 1004,G5020,S,"1390019","0","+43.0170243","-088.0116665"
"55","079","003400","55079003400","34",Census Tract 34,G5020,S,"2061374","0","+43.0934577","-088.0244248"
"55","079","005900","55079005900","59",Census Tract 59,G5020,S,"850830","0","+43.0682111","-087.9852358"
"55","079","004400","55079004400","44",Census Tract 44,G5020,S,"2230671","164574","+43.0911323","-087.9060074"
"55","079","170300","55079170300","1703",Census Tract 1703,G5020,S,"1282933","0","+42.9095535","-087.8753900"
"55","079","007000","55079007000","70",Census Tract 70,G5020,S,"663450","0","+43.0742456","-087.9112246"
"55","079","160100","55079160100","1601",Census Tract 1601,G5020,S,"16963931","0","+42.9151408","-087.9147179"
"55","079","035100","55079035100","351",Census Tract 351,G5020,S,"3543815","2117208","+43.1497886","-087.8960594"
"55","079","120400","55079120400","1204",Census Tract 1204,G5020,S,"4795004","0","+42.9666963","-087.9655358"
"55","079","009500","55079009500","95",Census Tract 95,G5020,S,"510256","0","+43.0530093","-087.9753536"
"55","079","016000","55079016000","160",Census Tract 160,G5020,S,"395501","0","+43.0213742","-087.9572594"
"55","079","050102","55079050102","501.02",Census Tract 501.02,G5020,S,"6489648","0","+43.1724407","-087.9674357"
"55","079","013400","55079013400","134",Census Tract 134,G5020,S,"535452","0","+43.0349653","-087.9535604"
"55","079","021700","55079021700","217",Census Tract 217,G5020,S,"12770320","0","+42.9405236","-087.9131293"
"55","079","004500","55079004500","45",Census Tract 45,G5020,S,"686810","0","+43.0855088","-087.9222691"
"55","079","001000","55079001000","10",Census Tract 10,G5020,S,"1538556","0","+43.1246531","-087.9534969"
"55","079","001100","55079001100","11",Census Tract 11,G5020,S,"3173477","0","+43.1276899","-087.9690142"
"55","079","001200","55079001200","12",Census Tract 12,G5020,S,"1225551","0","+43.1261759","-087.9862008"
